<annotation>
	<folder></folder>
	<filename>label_1_20220818_111204_308__jpg.rf.d37d7af4d4ecb4c595e1a926a38bb7a8.jpg</filename>
	<path>label_1_20220818_111204_308__jpg.rf.d37d7af4d4ecb4c595e1a926a38bb7a8.jpg</path>
	<source>
		<database>roboflow.com</database>
	</source>
	<size>
		<width>640</width>
		<height>640</height>
		<depth>3</depth>
	</size>
	<segmented>0</segmented>
	<object>
		<name>Scisssors</name>
		<pose>Unspecified</pose>
		<truncated>0</truncated>
		<difficult>0</difficult>
		<occluded>0</occluded>
		<bndbox>
			<xmin>274</xmin>
			<xmax>535</xmax>
			<ymin>239</ymin>
			<ymax>641</ymax>
		</bndbox>
	</object>
</annotation>
