<annotation>
	<folder></folder>
	<filename>label_2_20220818_111630_845__jpg.rf.540575fb965e90cc7ef5327ce958a63f.jpg</filename>
	<path>label_2_20220818_111630_845__jpg.rf.540575fb965e90cc7ef5327ce958a63f.jpg</path>
	<source>
		<database>roboflow.com</database>
	</source>
	<size>
		<width>640</width>
		<height>640</height>
		<depth>3</depth>
	</size>
	<segmented>0</segmented>
	<object>
		<name>Paper</name>
		<pose>Unspecified</pose>
		<truncated>0</truncated>
		<difficult>0</difficult>
		<occluded>0</occluded>
		<bndbox>
			<xmin>1</xmin>
			<xmax>311</xmax>
			<ymin>74</ymin>
			<ymax>347</ymax>
		</bndbox>
	</object>
</annotation>
