<annotation>
	<folder></folder>
	<filename>label_2_20220818_111446_228__jpg.rf.8488544e05a38a358a4b15e35a3f114a.jpg</filename>
	<path>label_2_20220818_111446_228__jpg.rf.8488544e05a38a358a4b15e35a3f114a.jpg</path>
	<source>
		<database>roboflow.com</database>
	</source>
	<size>
		<width>640</width>
		<height>640</height>
		<depth>3</depth>
	</size>
	<segmented>0</segmented>
	<object>
		<name>Paper</name>
		<pose>Unspecified</pose>
		<truncated>0</truncated>
		<difficult>0</difficult>
		<occluded>0</occluded>
		<bndbox>
			<xmin>61</xmin>
			<xmax>634</xmax>
			<ymin>25</ymin>
			<ymax>600</ymax>
		</bndbox>
	</object>
</annotation>
