<annotation>
	<folder></folder>
	<filename>label_0_20220818_110355_315__jpg.rf.2678ca5ca63a454cb77fe9ef29b52671.jpg</filename>
	<path>label_0_20220818_110355_315__jpg.rf.2678ca5ca63a454cb77fe9ef29b52671.jpg</path>
	<source>
		<database>roboflow.com</database>
	</source>
	<size>
		<width>640</width>
		<height>640</height>
		<depth>3</depth>
	</size>
	<segmented>0</segmented>
	<object>
		<name>Rock</name>
		<pose>Unspecified</pose>
		<truncated>0</truncated>
		<difficult>0</difficult>
		<occluded>0</occluded>
		<bndbox>
			<xmin>100</xmin>
			<xmax>350</xmax>
			<ymin>99</ymin>
			<ymax>408</ymax>
		</bndbox>
	</object>
</annotation>
