<annotation>
	<folder></folder>
	<filename>label_0_20220818_110406_573__jpg.rf.684220fccbadf76e26252fd68baf151b.jpg</filename>
	<path>label_0_20220818_110406_573__jpg.rf.684220fccbadf76e26252fd68baf151b.jpg</path>
	<source>
		<database>roboflow.com</database>
	</source>
	<size>
		<width>640</width>
		<height>640</height>
		<depth>3</depth>
	</size>
	<segmented>0</segmented>
	<object>
		<name>Rock</name>
		<pose>Unspecified</pose>
		<truncated>0</truncated>
		<difficult>0</difficult>
		<occluded>0</occluded>
		<bndbox>
			<xmin>132</xmin>
			<xmax>358</xmax>
			<ymin>77</ymin>
			<ymax>376</ymax>
		</bndbox>
	</object>
</annotation>
