<annotation>
	<folder></folder>
	<filename>label_0_20220818_110409_293__jpg.rf.07285221167863c0ac08222b62996eb2.jpg</filename>
	<path>label_0_20220818_110409_293__jpg.rf.07285221167863c0ac08222b62996eb2.jpg</path>
	<source>
		<database>roboflow.com</database>
	</source>
	<size>
		<width>640</width>
		<height>640</height>
		<depth>3</depth>
	</size>
	<segmented>0</segmented>
	<object>
		<name>Rock</name>
		<pose>Unspecified</pose>
		<truncated>0</truncated>
		<difficult>0</difficult>
		<occluded>0</occluded>
		<bndbox>
			<xmin>138</xmin>
			<xmax>413</xmax>
			<ymin>224</ymin>
			<ymax>485</ymax>
		</bndbox>
	</object>
</annotation>
