<annotation>
	<folder></folder>
	<filename>label_0_20220818_110552_885__jpg.rf.a766d75abf84da4a8cbefa33571c7dd9.jpg</filename>
	<path>label_0_20220818_110552_885__jpg.rf.a766d75abf84da4a8cbefa33571c7dd9.jpg</path>
	<source>
		<database>roboflow.com</database>
	</source>
	<size>
		<width>640</width>
		<height>640</height>
		<depth>3</depth>
	</size>
	<segmented>0</segmented>
	<object>
		<name>Rock</name>
		<pose>Unspecified</pose>
		<truncated>0</truncated>
		<difficult>0</difficult>
		<occluded>0</occluded>
		<bndbox>
			<xmin>312</xmin>
			<xmax>621</xmax>
			<ymin>259</ymin>
			<ymax>546</ymax>
		</bndbox>
	</object>
</annotation>
