<annotation>
	<folder></folder>
	<filename>label_1_20220818_111236_229__jpg.rf.8ca2680135b6c87ea71e559bfb10dbb2.jpg</filename>
	<path>label_1_20220818_111236_229__jpg.rf.8ca2680135b6c87ea71e559bfb10dbb2.jpg</path>
	<source>
		<database>roboflow.com</database>
	</source>
	<size>
		<width>640</width>
		<height>640</height>
		<depth>3</depth>
	</size>
	<segmented>0</segmented>
	<object>
		<name>Scisssors</name>
		<pose>Unspecified</pose>
		<truncated>0</truncated>
		<difficult>0</difficult>
		<occluded>0</occluded>
		<bndbox>
			<xmin>175</xmin>
			<xmax>436</xmax>
			<ymin>172</ymin>
			<ymax>434</ymax>
		</bndbox>
	</object>
</annotation>
