<annotation>
	<folder></folder>
	<filename>label_1_20220818_111122_540__jpg.rf.b91a13ebb6fc1097a7efd09b1146817d.jpg</filename>
	<path>label_1_20220818_111122_540__jpg.rf.b91a13ebb6fc1097a7efd09b1146817d.jpg</path>
	<source>
		<database>roboflow.com</database>
	</source>
	<size>
		<width>640</width>
		<height>640</height>
		<depth>3</depth>
	</size>
	<segmented>0</segmented>
	<object>
		<name>Scisssors</name>
		<pose>Unspecified</pose>
		<truncated>0</truncated>
		<difficult>0</difficult>
		<occluded>0</occluded>
		<bndbox>
			<xmin>9</xmin>
			<xmax>215</xmax>
			<ymin>80</ymin>
			<ymax>508</ymax>
		</bndbox>
	</object>
</annotation>
