<annotation>
	<folder></folder>
	<filename>label_0_20220818_110511_116__jpg.rf.f7d6c995da41425110e10e6bb28d8b3b.jpg</filename>
	<path>label_0_20220818_110511_116__jpg.rf.f7d6c995da41425110e10e6bb28d8b3b.jpg</path>
	<source>
		<database>roboflow.com</database>
	</source>
	<size>
		<width>640</width>
		<height>640</height>
		<depth>3</depth>
	</size>
	<segmented>0</segmented>
	<object>
		<name>Rock</name>
		<pose>Unspecified</pose>
		<truncated>0</truncated>
		<difficult>0</difficult>
		<occluded>0</occluded>
		<bndbox>
			<xmin>188</xmin>
			<xmax>404</xmax>
			<ymin>276</ymin>
			<ymax>458</ymax>
		</bndbox>
	</object>
</annotation>
