<annotation>
	<folder></folder>
	<filename>label_1_20220818_111254_500__jpg.rf.ffa91e9462887d9cabb2c941b7d6148a.jpg</filename>
	<path>label_1_20220818_111254_500__jpg.rf.ffa91e9462887d9cabb2c941b7d6148a.jpg</path>
	<source>
		<database>roboflow.com</database>
	</source>
	<size>
		<width>640</width>
		<height>640</height>
		<depth>3</depth>
	</size>
	<segmented>0</segmented>
	<object>
		<name>Scisssors</name>
		<pose>Unspecified</pose>
		<truncated>0</truncated>
		<difficult>0</difficult>
		<occluded>0</occluded>
		<bndbox>
			<xmin>258</xmin>
			<xmax>514</xmax>
			<ymin>252</ymin>
			<ymax>488</ymax>
		</bndbox>
	</object>
</annotation>
