<annotation>
	<folder></folder>
	<filename>label_1_20220818_111126_879__jpg.rf.2b3a38b87804443dc5473b83ac3faedc.jpg</filename>
	<path>label_1_20220818_111126_879__jpg.rf.2b3a38b87804443dc5473b83ac3faedc.jpg</path>
	<source>
		<database>roboflow.com</database>
	</source>
	<size>
		<width>640</width>
		<height>640</height>
		<depth>3</depth>
	</size>
	<segmented>0</segmented>
	<object>
		<name>Scisssors</name>
		<pose>Unspecified</pose>
		<truncated>0</truncated>
		<difficult>0</difficult>
		<occluded>0</occluded>
		<bndbox>
			<xmin>66</xmin>
			<xmax>521</xmax>
			<ymin>227</ymin>
			<ymax>489</ymax>
		</bndbox>
	</object>
</annotation>
