<annotation>
	<folder></folder>
	<filename>label_1_20220818_111255_851__jpg.rf.5d78d41f0b5d8aa15712f36a589101e0.jpg</filename>
	<path>label_1_20220818_111255_851__jpg.rf.5d78d41f0b5d8aa15712f36a589101e0.jpg</path>
	<source>
		<database>roboflow.com</database>
	</source>
	<size>
		<width>640</width>
		<height>640</height>
		<depth>3</depth>
	</size>
	<segmented>0</segmented>
	<object>
		<name>Scisssors</name>
		<pose>Unspecified</pose>
		<truncated>0</truncated>
		<difficult>0</difficult>
		<occluded>0</occluded>
		<bndbox>
			<xmin>112</xmin>
			<xmax>434</xmax>
			<ymin>41</ymin>
			<ymax>471</ymax>
		</bndbox>
	</object>
</annotation>
