<annotation>
	<folder></folder>
	<filename>label_1_20220818_111051_719__jpg.rf.52c99f0853b3d4ee5f069519717a5765.jpg</filename>
	<path>label_1_20220818_111051_719__jpg.rf.52c99f0853b3d4ee5f069519717a5765.jpg</path>
	<source>
		<database>roboflow.com</database>
	</source>
	<size>
		<width>640</width>
		<height>640</height>
		<depth>3</depth>
	</size>
	<segmented>0</segmented>
	<object>
		<name>Scissors</name>
		<pose>Unspecified</pose>
		<truncated>0</truncated>
		<difficult>0</difficult>
		<occluded>0</occluded>
		<bndbox>
			<xmin>187</xmin>
			<xmax>294</xmax>
			<ymin>90</ymin>
			<ymax>323</ymax>
		</bndbox>
	</object>
</annotation>
