<annotation>
	<folder></folder>
	<filename>label_1_20220818_111235_614__jpg.rf.95556635fc01662c1f9e99cb2486919c.jpg</filename>
	<path>label_1_20220818_111235_614__jpg.rf.95556635fc01662c1f9e99cb2486919c.jpg</path>
	<source>
		<database>roboflow.com</database>
	</source>
	<size>
		<width>640</width>
		<height>640</height>
		<depth>3</depth>
	</size>
	<segmented>0</segmented>
	<object>
		<name>Scisssors</name>
		<pose>Unspecified</pose>
		<truncated>0</truncated>
		<difficult>0</difficult>
		<occluded>0</occluded>
		<bndbox>
			<xmin>180</xmin>
			<xmax>390</xmax>
			<ymin>176</ymin>
			<ymax>423</ymax>
		</bndbox>
	</object>
</annotation>
