<annotation>
	<folder></folder>
	<filename>label_1_20220818_111109_472__jpg.rf.7305fdd724a5370ae16c9772a24a1e27.jpg</filename>
	<path>label_1_20220818_111109_472__jpg.rf.7305fdd724a5370ae16c9772a24a1e27.jpg</path>
	<source>
		<database>roboflow.com</database>
	</source>
	<size>
		<width>640</width>
		<height>640</height>
		<depth>3</depth>
	</size>
	<segmented>0</segmented>
	<object>
		<name>Scissors</name>
		<pose>Unspecified</pose>
		<truncated>0</truncated>
		<difficult>0</difficult>
		<occluded>0</occluded>
		<bndbox>
			<xmin>219</xmin>
			<xmax>444</xmax>
			<ymin>215</ymin>
			<ymax>599</ymax>
		</bndbox>
	</object>
</annotation>
