<annotation>
	<folder></folder>
	<filename>label_2_20220818_111632_679__jpg.rf.328489ead695dbeb3744f09caf325ea9.jpg</filename>
	<path>label_2_20220818_111632_679__jpg.rf.328489ead695dbeb3744f09caf325ea9.jpg</path>
	<source>
		<database>roboflow.com</database>
	</source>
	<size>
		<width>640</width>
		<height>640</height>
		<depth>3</depth>
	</size>
	<segmented>0</segmented>
	<object>
		<name>Paper</name>
		<pose>Unspecified</pose>
		<truncated>0</truncated>
		<difficult>0</difficult>
		<occluded>0</occluded>
		<bndbox>
			<xmin>18</xmin>
			<xmax>305</xmax>
			<ymin>39</ymin>
			<ymax>348</ymax>
		</bndbox>
	</object>
</annotation>
