<annotation>
	<folder></folder>
	<filename>label_2_20220818_111542_901__jpg.rf.2cab2dcbf4807c89efcd06c1fb2903ad.jpg</filename>
	<path>label_2_20220818_111542_901__jpg.rf.2cab2dcbf4807c89efcd06c1fb2903ad.jpg</path>
	<source>
		<database>roboflow.com</database>
	</source>
	<size>
		<width>640</width>
		<height>640</height>
		<depth>3</depth>
	</size>
	<segmented>0</segmented>
	<object>
		<name>Paper</name>
		<pose>Unspecified</pose>
		<truncated>0</truncated>
		<difficult>0</difficult>
		<occluded>0</occluded>
		<bndbox>
			<xmin>130</xmin>
			<xmax>506</xmax>
			<ymin>150</ymin>
			<ymax>467</ymax>
		</bndbox>
	</object>
</annotation>
