<annotation>
	<folder></folder>
	<filename>label_2_20220818_111730_821__jpg.rf.3a6cb4ca1724ac61042141cae17e9c07.jpg</filename>
	<path>label_2_20220818_111730_821__jpg.rf.3a6cb4ca1724ac61042141cae17e9c07.jpg</path>
	<source>
		<database>roboflow.com</database>
	</source>
	<size>
		<width>640</width>
		<height>640</height>
		<depth>3</depth>
	</size>
	<segmented>0</segmented>
	<object>
		<name>Paper</name>
		<pose>Unspecified</pose>
		<truncated>0</truncated>
		<difficult>0</difficult>
		<occluded>0</occluded>
		<bndbox>
			<xmin>101</xmin>
			<xmax>313</xmax>
			<ymin>44</ymin>
			<ymax>338</ymax>
		</bndbox>
	</object>
</annotation>
