<annotation>
	<folder></folder>
	<filename>label_2_20220818_111540_229__jpg.rf.d0afee2a712fdaf712e817f3a6262c61.jpg</filename>
	<path>label_2_20220818_111540_229__jpg.rf.d0afee2a712fdaf712e817f3a6262c61.jpg</path>
	<source>
		<database>roboflow.com</database>
	</source>
	<size>
		<width>640</width>
		<height>640</height>
		<depth>3</depth>
	</size>
	<segmented>0</segmented>
	<object>
		<name>Paper</name>
		<pose>Unspecified</pose>
		<truncated>0</truncated>
		<difficult>0</difficult>
		<occluded>0</occluded>
		<bndbox>
			<xmin>240</xmin>
			<xmax>401</xmax>
			<ymin>44</ymin>
			<ymax>493</ymax>
		</bndbox>
	</object>
</annotation>
