<annotation>
	<folder></folder>
	<filename>label_0_20220818_110537_045__jpg.rf.94dbf592a794d533948666e655062522.jpg</filename>
	<path>label_0_20220818_110537_045__jpg.rf.94dbf592a794d533948666e655062522.jpg</path>
	<source>
		<database>roboflow.com</database>
	</source>
	<size>
		<width>640</width>
		<height>640</height>
		<depth>3</depth>
	</size>
	<segmented>0</segmented>
	<object>
		<name>Rock</name>
		<pose>Unspecified</pose>
		<truncated>0</truncated>
		<difficult>0</difficult>
		<occluded>0</occluded>
		<bndbox>
			<xmin>231</xmin>
			<xmax>415</xmax>
			<ymin>20</ymin>
			<ymax>238</ymax>
		</bndbox>
	</object>
</annotation>
