<annotation>
	<folder></folder>
	<filename>label_1_20220818_111113_901__jpg.rf.8b3884cee886480995ff1ed7c93a5b60.jpg</filename>
	<path>label_1_20220818_111113_901__jpg.rf.8b3884cee886480995ff1ed7c93a5b60.jpg</path>
	<source>
		<database>roboflow.com</database>
	</source>
	<size>
		<width>640</width>
		<height>640</height>
		<depth>3</depth>
	</size>
	<segmented>0</segmented>
	<object>
		<name>Scissors</name>
		<pose>Unspecified</pose>
		<truncated>0</truncated>
		<difficult>0</difficult>
		<occluded>0</occluded>
		<bndbox>
			<xmin>184</xmin>
			<xmax>390</xmax>
			<ymin>216</ymin>
			<ymax>595</ymax>
		</bndbox>
	</object>
</annotation>
