<annotation>
	<folder></folder>
	<filename>label_2_20220818_111607_842__jpg.rf.d2b4485ed6ba1c15fd79514a9fe1e6e9.jpg</filename>
	<path>label_2_20220818_111607_842__jpg.rf.d2b4485ed6ba1c15fd79514a9fe1e6e9.jpg</path>
	<source>
		<database>roboflow.com</database>
	</source>
	<size>
		<width>640</width>
		<height>640</height>
		<depth>3</depth>
	</size>
	<segmented>0</segmented>
	<object>
		<name>Paper</name>
		<pose>Unspecified</pose>
		<truncated>0</truncated>
		<difficult>0</difficult>
		<occluded>0</occluded>
		<bndbox>
			<xmin>58</xmin>
			<xmax>409</xmax>
			<ymin>216</ymin>
			<ymax>573</ymax>
		</bndbox>
	</object>
</annotation>
