<annotation>
	<folder></folder>
	<filename>label_2_20220818_111730_171__jpg.rf.9980d3e0edd53bf90ad4e641704e8fe8.jpg</filename>
	<path>label_2_20220818_111730_171__jpg.rf.9980d3e0edd53bf90ad4e641704e8fe8.jpg</path>
	<source>
		<database>roboflow.com</database>
	</source>
	<size>
		<width>640</width>
		<height>640</height>
		<depth>3</depth>
	</size>
	<segmented>0</segmented>
	<object>
		<name>Paper</name>
		<pose>Unspecified</pose>
		<truncated>0</truncated>
		<difficult>0</difficult>
		<occluded>0</occluded>
		<bndbox>
			<xmin>82</xmin>
			<xmax>326</xmax>
			<ymin>83</ymin>
			<ymax>328</ymax>
		</bndbox>
	</object>
</annotation>
