<annotation>
	<folder></folder>
	<filename>label_2_20220818_111735_427__jpg.rf.4229e74505f9945b9ce0a3c006d8418e.jpg</filename>
	<path>label_2_20220818_111735_427__jpg.rf.4229e74505f9945b9ce0a3c006d8418e.jpg</path>
	<source>
		<database>roboflow.com</database>
	</source>
	<size>
		<width>640</width>
		<height>640</height>
		<depth>3</depth>
	</size>
	<segmented>0</segmented>
	<object>
		<name>Paper</name>
		<pose>Unspecified</pose>
		<truncated>0</truncated>
		<difficult>0</difficult>
		<occluded>0</occluded>
		<bndbox>
			<xmin>43</xmin>
			<xmax>282</xmax>
			<ymin>68</ymin>
			<ymax>332</ymax>
		</bndbox>
	</object>
</annotation>
