<annotation>
	<folder></folder>
	<filename>label_2_20220818_111551_226__jpg.rf.9c44af1ac212689d7ff6f91f78357334.jpg</filename>
	<path>label_2_20220818_111551_226__jpg.rf.9c44af1ac212689d7ff6f91f78357334.jpg</path>
	<source>
		<database>roboflow.com</database>
	</source>
	<size>
		<width>640</width>
		<height>640</height>
		<depth>3</depth>
	</size>
	<segmented>0</segmented>
	<object>
		<name>Paper</name>
		<pose>Unspecified</pose>
		<truncated>0</truncated>
		<difficult>0</difficult>
		<occluded>0</occluded>
		<bndbox>
			<xmin>251</xmin>
			<xmax>508</xmax>
			<ymin>310</ymin>
			<ymax>472</ymax>
		</bndbox>
	</object>
</annotation>
