<annotation>
	<folder></folder>
	<filename>label_1_20220818_111202_934__jpg.rf.8acf4753d24f68c87bbf73ba346a1c6c.jpg</filename>
	<path>label_1_20220818_111202_934__jpg.rf.8acf4753d24f68c87bbf73ba346a1c6c.jpg</path>
	<source>
		<database>roboflow.com</database>
	</source>
	<size>
		<width>640</width>
		<height>640</height>
		<depth>3</depth>
	</size>
	<segmented>0</segmented>
	<object>
		<name>Scisssors</name>
		<pose>Unspecified</pose>
		<truncated>0</truncated>
		<difficult>0</difficult>
		<occluded>0</occluded>
		<bndbox>
			<xmin>296</xmin>
			<xmax>483</xmax>
			<ymin>342</ymin>
			<ymax>641</ymax>
		</bndbox>
	</object>
</annotation>
