<annotation>
	<folder></folder>
	<filename>label_0_20220818_110457_317__jpg.rf.f6253f2e88639b587b0efe91b4d093ac.jpg</filename>
	<path>label_0_20220818_110457_317__jpg.rf.f6253f2e88639b587b0efe91b4d093ac.jpg</path>
	<source>
		<database>roboflow.com</database>
	</source>
	<size>
		<width>640</width>
		<height>640</height>
		<depth>3</depth>
	</size>
	<segmented>0</segmented>
	<object>
		<name>Rock</name>
		<pose>Unspecified</pose>
		<truncated>0</truncated>
		<difficult>0</difficult>
		<occluded>0</occluded>
		<bndbox>
			<xmin>139</xmin>
			<xmax>440</xmax>
			<ymin>207</ymin>
			<ymax>452</ymax>
		</bndbox>
	</object>
</annotation>
