<annotation>
	<folder></folder>
	<filename>label_0_20220818_110514_142__jpg.rf.36a7602092ba3edf72d77163137fa9be.jpg</filename>
	<path>label_0_20220818_110514_142__jpg.rf.36a7602092ba3edf72d77163137fa9be.jpg</path>
	<source>
		<database>roboflow.com</database>
	</source>
	<size>
		<width>640</width>
		<height>640</height>
		<depth>3</depth>
	</size>
	<segmented>0</segmented>
	<object>
		<name>Rock</name>
		<pose>Unspecified</pose>
		<truncated>0</truncated>
		<difficult>0</difficult>
		<occluded>0</occluded>
		<bndbox>
			<xmin>266</xmin>
			<xmax>496</xmax>
			<ymin>187</ymin>
			<ymax>435</ymax>
		</bndbox>
	</object>
</annotation>
