<annotation>
	<folder></folder>
	<filename>label_0_20220818_110733_137__jpg.rf.26af7437d44dcca4a59a4f2580e53736.jpg</filename>
	<path>label_0_20220818_110733_137__jpg.rf.26af7437d44dcca4a59a4f2580e53736.jpg</path>
	<source>
		<database>roboflow.com</database>
	</source>
	<size>
		<width>640</width>
		<height>640</height>
		<depth>3</depth>
	</size>
	<segmented>0</segmented>
	<object>
		<name>Rock</name>
		<pose>Unspecified</pose>
		<truncated>0</truncated>
		<difficult>0</difficult>
		<occluded>0</occluded>
		<bndbox>
			<xmin>258</xmin>
			<xmax>446</xmax>
			<ymin>111</ymin>
			<ymax>278</ymax>
		</bndbox>
	</object>
</annotation>
