<annotation>
	<folder></folder>
	<filename>label_1_20220818_111023_059__jpg.rf.3cb3485998111c16ab773108a3cab30c.jpg</filename>
	<path>label_1_20220818_111023_059__jpg.rf.3cb3485998111c16ab773108a3cab30c.jpg</path>
	<source>
		<database>roboflow.com</database>
	</source>
	<size>
		<width>640</width>
		<height>640</height>
		<depth>3</depth>
	</size>
	<segmented>0</segmented>
	<object>
		<name>Scissors</name>
		<pose>Unspecified</pose>
		<truncated>0</truncated>
		<difficult>0</difficult>
		<occluded>0</occluded>
		<bndbox>
			<xmin>352</xmin>
			<xmax>570</xmax>
			<ymin>231</ymin>
			<ymax>574</ymax>
		</bndbox>
	</object>
</annotation>
