<annotation>
	<folder></folder>
	<filename>label_0_20220818_110743_887__jpg.rf.e521b24cb79564389e32446f164f1501.jpg</filename>
	<path>label_0_20220818_110743_887__jpg.rf.e521b24cb79564389e32446f164f1501.jpg</path>
	<source>
		<database>roboflow.com</database>
	</source>
	<size>
		<width>640</width>
		<height>640</height>
		<depth>3</depth>
	</size>
	<segmented>0</segmented>
	<object>
		<name>Rock</name>
		<pose>Unspecified</pose>
		<truncated>0</truncated>
		<difficult>0</difficult>
		<occluded>0</occluded>
		<bndbox>
			<xmin>132</xmin>
			<xmax>487</xmax>
			<ymin>119</ymin>
			<ymax>460</ymax>
		</bndbox>
	</object>
</annotation>
