<annotation>
	<folder></folder>
	<filename>label_1_20220818_111252_368__jpg.rf.3eeaaa79dab09912bff61dd760dbeb68.jpg</filename>
	<path>label_1_20220818_111252_368__jpg.rf.3eeaaa79dab09912bff61dd760dbeb68.jpg</path>
	<source>
		<database>roboflow.com</database>
	</source>
	<size>
		<width>640</width>
		<height>640</height>
		<depth>3</depth>
	</size>
	<segmented>0</segmented>
	<object>
		<name>Scisssors</name>
		<pose>Unspecified</pose>
		<truncated>0</truncated>
		<difficult>0</difficult>
		<occluded>0</occluded>
		<bndbox>
			<xmin>230</xmin>
			<xmax>543</xmax>
			<ymin>50</ymin>
			<ymax>555</ymax>
		</bndbox>
	</object>
</annotation>
