<annotation>
	<folder></folder>
	<filename>label_0_20220818_110702_706__jpg.rf.a3961abac374e610dfbac06f6eb96fdf.jpg</filename>
	<path>label_0_20220818_110702_706__jpg.rf.a3961abac374e610dfbac06f6eb96fdf.jpg</path>
	<source>
		<database>roboflow.com</database>
	</source>
	<size>
		<width>640</width>
		<height>640</height>
		<depth>3</depth>
	</size>
	<segmented>0</segmented>
	<object>
		<name>Rock</name>
		<pose>Unspecified</pose>
		<truncated>0</truncated>
		<difficult>0</difficult>
		<occluded>0</occluded>
		<bndbox>
			<xmin>75</xmin>
			<xmax>345</xmax>
			<ymin>266</ymin>
			<ymax>538</ymax>
		</bndbox>
	</object>
</annotation>
