<annotation>
	<folder></folder>
	<filename>label_2_20220818_111449_168__jpg.rf.999c21c537c1c3d9914089945fbf63ac.jpg</filename>
	<path>label_2_20220818_111449_168__jpg.rf.999c21c537c1c3d9914089945fbf63ac.jpg</path>
	<source>
		<database>roboflow.com</database>
	</source>
	<size>
		<width>640</width>
		<height>640</height>
		<depth>3</depth>
	</size>
	<segmented>0</segmented>
	<object>
		<name>Paper</name>
		<pose>Unspecified</pose>
		<truncated>0</truncated>
		<difficult>0</difficult>
		<occluded>0</occluded>
		<bndbox>
			<xmin>98</xmin>
			<xmax>453</xmax>
			<ymin>48</ymin>
			<ymax>453</ymax>
		</bndbox>
	</object>
</annotation>
