<annotation>
	<folder></folder>
	<filename>label_0_20220818_110443_123__jpg.rf.aa149105cd72cff17bae0e6a85838c37.jpg</filename>
	<path>label_0_20220818_110443_123__jpg.rf.aa149105cd72cff17bae0e6a85838c37.jpg</path>
	<source>
		<database>roboflow.com</database>
	</source>
	<size>
		<width>640</width>
		<height>640</height>
		<depth>3</depth>
	</size>
	<segmented>0</segmented>
	<object>
		<name>Rock</name>
		<pose>Unspecified</pose>
		<truncated>0</truncated>
		<difficult>0</difficult>
		<occluded>0</occluded>
		<bndbox>
			<xmin>156</xmin>
			<xmax>402</xmax>
			<ymin>252</ymin>
			<ymax>476</ymax>
		</bndbox>
	</object>
</annotation>
