<annotation>
	<folder></folder>
	<filename>label_2_20220818_111614_952__jpg.rf.a89f3dbab33fdc3698662c8006714fff.jpg</filename>
	<path>label_2_20220818_111614_952__jpg.rf.a89f3dbab33fdc3698662c8006714fff.jpg</path>
	<source>
		<database>roboflow.com</database>
	</source>
	<size>
		<width>640</width>
		<height>640</height>
		<depth>3</depth>
	</size>
	<segmented>0</segmented>
	<object>
		<name>Paper</name>
		<pose>Unspecified</pose>
		<truncated>0</truncated>
		<difficult>0</difficult>
		<occluded>0</occluded>
		<bndbox>
			<xmin>223</xmin>
			<xmax>419</xmax>
			<ymin>115</ymin>
			<ymax>356</ymax>
		</bndbox>
	</object>
</annotation>
