<annotation>
	<folder></folder>
	<filename>label_1_20220818_111253_703__jpg.rf.2ee720ab9c590289414208de518e725c.jpg</filename>
	<path>label_1_20220818_111253_703__jpg.rf.2ee720ab9c590289414208de518e725c.jpg</path>
	<source>
		<database>roboflow.com</database>
	</source>
	<size>
		<width>640</width>
		<height>640</height>
		<depth>3</depth>
	</size>
	<segmented>0</segmented>
	<object>
		<name>Scisssors</name>
		<pose>Unspecified</pose>
		<truncated>0</truncated>
		<difficult>0</difficult>
		<occluded>0</occluded>
		<bndbox>
			<xmin>233</xmin>
			<xmax>511</xmax>
			<ymin>279</ymin>
			<ymax>517</ymax>
		</bndbox>
	</object>
</annotation>
