<annotation>
	<folder></folder>
	<filename>label_2_20220818_111449_702__jpg.rf.b8d2dfe3df11d7731086f91eff75a8c4.jpg</filename>
	<path>label_2_20220818_111449_702__jpg.rf.b8d2dfe3df11d7731086f91eff75a8c4.jpg</path>
	<source>
		<database>roboflow.com</database>
	</source>
	<size>
		<width>640</width>
		<height>640</height>
		<depth>3</depth>
	</size>
	<segmented>0</segmented>
	<object>
		<name>Paper</name>
		<pose>Unspecified</pose>
		<truncated>0</truncated>
		<difficult>0</difficult>
		<occluded>0</occluded>
		<bndbox>
			<xmin>55</xmin>
			<xmax>513</xmax>
			<ymin>40</ymin>
			<ymax>401</ymax>
		</bndbox>
	</object>
</annotation>
