<annotation>
	<folder></folder>
	<filename>label_2_20220818_111633_646__jpg.rf.3f39c1c4186f72dee3d7f6b730953072.jpg</filename>
	<path>label_2_20220818_111633_646__jpg.rf.3f39c1c4186f72dee3d7f6b730953072.jpg</path>
	<source>
		<database>roboflow.com</database>
	</source>
	<size>
		<width>640</width>
		<height>640</height>
		<depth>3</depth>
	</size>
	<segmented>0</segmented>
	<object>
		<name>Paper</name>
		<pose>Unspecified</pose>
		<truncated>0</truncated>
		<difficult>0</difficult>
		<occluded>0</occluded>
		<bndbox>
			<xmin>1</xmin>
			<xmax>363</xmax>
			<ymin>101</ymin>
			<ymax>377</ymax>
		</bndbox>
	</object>
</annotation>
