<annotation>
	<folder></folder>
	<filename>label_1_20220818_111019_547__jpg.rf.8ceb6434269f7ddf8744e3a001488d84.jpg</filename>
	<path>label_1_20220818_111019_547__jpg.rf.8ceb6434269f7ddf8744e3a001488d84.jpg</path>
	<source>
		<database>roboflow.com</database>
	</source>
	<size>
		<width>640</width>
		<height>640</height>
		<depth>3</depth>
	</size>
	<segmented>0</segmented>
	<object>
		<name>Scissors</name>
		<pose>Unspecified</pose>
		<truncated>0</truncated>
		<difficult>0</difficult>
		<occluded>0</occluded>
		<bndbox>
			<xmin>270</xmin>
			<xmax>479</xmax>
			<ymin>96</ymin>
			<ymax>484</ymax>
		</bndbox>
	</object>
</annotation>
