<annotation>
	<folder></folder>
	<filename>label_0_20220818_110501_331__jpg.rf.3740dd116ccb6d90a5024543e0138e6f.jpg</filename>
	<path>label_0_20220818_110501_331__jpg.rf.3740dd116ccb6d90a5024543e0138e6f.jpg</path>
	<source>
		<database>roboflow.com</database>
	</source>
	<size>
		<width>640</width>
		<height>640</height>
		<depth>3</depth>
	</size>
	<segmented>0</segmented>
	<object>
		<name>Rock</name>
		<pose>Unspecified</pose>
		<truncated>0</truncated>
		<difficult>0</difficult>
		<occluded>0</occluded>
		<bndbox>
			<xmin>270</xmin>
			<xmax>532</xmax>
			<ymin>159</ymin>
			<ymax>451</ymax>
		</bndbox>
	</object>
</annotation>
