<annotation>
	<folder></folder>
	<filename>label_1_20220818_111216_080__jpg.rf.60d008b53fd2f91f6d753818edda70d0.jpg</filename>
	<path>label_1_20220818_111216_080__jpg.rf.60d008b53fd2f91f6d753818edda70d0.jpg</path>
	<source>
		<database>roboflow.com</database>
	</source>
	<size>
		<width>640</width>
		<height>640</height>
		<depth>3</depth>
	</size>
	<segmented>0</segmented>
	<object>
		<name>Scisssors</name>
		<pose>Unspecified</pose>
		<truncated>0</truncated>
		<difficult>0</difficult>
		<occluded>0</occluded>
		<bndbox>
			<xmin>124</xmin>
			<xmax>447</xmax>
			<ymin>123</ymin>
			<ymax>586</ymax>
		</bndbox>
	</object>
</annotation>
