<annotation>
	<folder></folder>
	<filename>label_2_20220818_111550_228__jpg.rf.176961537cd659a4eea254665362ab30.jpg</filename>
	<path>label_2_20220818_111550_228__jpg.rf.176961537cd659a4eea254665362ab30.jpg</path>
	<source>
		<database>roboflow.com</database>
	</source>
	<size>
		<width>640</width>
		<height>640</height>
		<depth>3</depth>
	</size>
	<segmented>0</segmented>
	<object>
		<name>Paper</name>
		<pose>Unspecified</pose>
		<truncated>0</truncated>
		<difficult>0</difficult>
		<occluded>0</occluded>
		<bndbox>
			<xmin>310</xmin>
			<xmax>567</xmax>
			<ymin>140</ymin>
			<ymax>425</ymax>
		</bndbox>
	</object>
</annotation>
