<annotation>
	<folder></folder>
	<filename>label_0_20220818_110332_875__jpg.rf.329d3ec1358080b80b24cfc881947a72.jpg</filename>
	<path>label_0_20220818_110332_875__jpg.rf.329d3ec1358080b80b24cfc881947a72.jpg</path>
	<source>
		<database>roboflow.com</database>
	</source>
	<size>
		<width>640</width>
		<height>640</height>
		<depth>3</depth>
	</size>
	<segmented>0</segmented>
	<object>
		<name>Rock</name>
		<pose>Unspecified</pose>
		<truncated>0</truncated>
		<difficult>0</difficult>
		<occluded>0</occluded>
		<bndbox>
			<xmin>200</xmin>
			<xmax>422</xmax>
			<ymin>152</ymin>
			<ymax>359</ymax>
		</bndbox>
	</object>
</annotation>
