<annotation>
	<folder></folder>
	<filename>label_0_20220818_110510_464__jpg.rf.961ff16b86bd9de5e3e9898fbb93801b.jpg</filename>
	<path>label_0_20220818_110510_464__jpg.rf.961ff16b86bd9de5e3e9898fbb93801b.jpg</path>
	<source>
		<database>roboflow.com</database>
	</source>
	<size>
		<width>640</width>
		<height>640</height>
		<depth>3</depth>
	</size>
	<segmented>0</segmented>
	<object>
		<name>Rock</name>
		<pose>Unspecified</pose>
		<truncated>0</truncated>
		<difficult>0</difficult>
		<occluded>0</occluded>
		<bndbox>
			<xmin>196</xmin>
			<xmax>407</xmax>
			<ymin>280</ymin>
			<ymax>460</ymax>
		</bndbox>
	</object>
</annotation>
