<annotation>
	<folder></folder>
	<filename>label_1_20220818_111246_890__jpg.rf.8ac7930facd99e85fe95a074e4c25d15.jpg</filename>
	<path>label_1_20220818_111246_890__jpg.rf.8ac7930facd99e85fe95a074e4c25d15.jpg</path>
	<source>
		<database>roboflow.com</database>
	</source>
	<size>
		<width>640</width>
		<height>640</height>
		<depth>3</depth>
	</size>
	<segmented>0</segmented>
	<object>
		<name>Scisssors</name>
		<pose>Unspecified</pose>
		<truncated>0</truncated>
		<difficult>0</difficult>
		<occluded>0</occluded>
		<bndbox>
			<xmin>35</xmin>
			<xmax>304</xmax>
			<ymin>104</ymin>
			<ymax>454</ymax>
		</bndbox>
	</object>
</annotation>
