<annotation>
	<folder></folder>
	<filename>label_2_20220818_111630_331__jpg.rf.880769a635b613562bc7bc2ca92551fb.jpg</filename>
	<path>label_2_20220818_111630_331__jpg.rf.880769a635b613562bc7bc2ca92551fb.jpg</path>
	<source>
		<database>roboflow.com</database>
	</source>
	<size>
		<width>640</width>
		<height>640</height>
		<depth>3</depth>
	</size>
	<segmented>0</segmented>
	<object>
		<name>Paper</name>
		<pose>Unspecified</pose>
		<truncated>0</truncated>
		<difficult>0</difficult>
		<occluded>0</occluded>
		<bndbox>
			<xmin>15</xmin>
			<xmax>309</xmax>
			<ymin>21</ymin>
			<ymax>398</ymax>
		</bndbox>
	</object>
</annotation>
