<annotation>
	<folder></folder>
	<filename>label_2_20220818_111733_429__jpg.rf.a90158a7dd649f2d010586a1ef67dce3.jpg</filename>
	<path>label_2_20220818_111733_429__jpg.rf.a90158a7dd649f2d010586a1ef67dce3.jpg</path>
	<source>
		<database>roboflow.com</database>
	</source>
	<size>
		<width>640</width>
		<height>640</height>
		<depth>3</depth>
	</size>
	<segmented>0</segmented>
	<object>
		<name>Paper</name>
		<pose>Unspecified</pose>
		<truncated>0</truncated>
		<difficult>0</difficult>
		<occluded>0</occluded>
		<bndbox>
			<xmin>25</xmin>
			<xmax>310</xmax>
			<ymin>76</ymin>
			<ymax>322</ymax>
		</bndbox>
	</object>
</annotation>
