<annotation>
	<folder></folder>
	<filename>label_0_20220818_110703_401__jpg.rf.aa5be8a1fa9d2cbe1481f98388fbba80.jpg</filename>
	<path>label_0_20220818_110703_401__jpg.rf.aa5be8a1fa9d2cbe1481f98388fbba80.jpg</path>
	<source>
		<database>roboflow.com</database>
	</source>
	<size>
		<width>640</width>
		<height>640</height>
		<depth>3</depth>
	</size>
	<segmented>0</segmented>
	<object>
		<name>Rock</name>
		<pose>Unspecified</pose>
		<truncated>0</truncated>
		<difficult>0</difficult>
		<occluded>0</occluded>
		<bndbox>
			<xmin>1</xmin>
			<xmax>275</xmax>
			<ymin>244</ymin>
			<ymax>509</ymax>
		</bndbox>
	</object>
</annotation>
