<annotation>
	<folder></folder>
	<filename>label_1_20220818_111240_924__jpg.rf.9e53deb5878f76e46fd25731b9f14c0d.jpg</filename>
	<path>label_1_20220818_111240_924__jpg.rf.9e53deb5878f76e46fd25731b9f14c0d.jpg</path>
	<source>
		<database>roboflow.com</database>
	</source>
	<size>
		<width>640</width>
		<height>640</height>
		<depth>3</depth>
	</size>
	<segmented>0</segmented>
	<object>
		<name>Scisssors</name>
		<pose>Unspecified</pose>
		<truncated>0</truncated>
		<difficult>0</difficult>
		<occluded>0</occluded>
		<bndbox>
			<xmin>134</xmin>
			<xmax>369</xmax>
			<ymin>286</ymin>
			<ymax>462</ymax>
		</bndbox>
	</object>
</annotation>
