<annotation>
	<folder></folder>
	<filename>label_1_20220818_111236_784__jpg.rf.c83230eaaf0efeec19b345d441d05bfb.jpg</filename>
	<path>label_1_20220818_111236_784__jpg.rf.c83230eaaf0efeec19b345d441d05bfb.jpg</path>
	<source>
		<database>roboflow.com</database>
	</source>
	<size>
		<width>640</width>
		<height>640</height>
		<depth>3</depth>
	</size>
	<segmented>0</segmented>
	<object>
		<name>Scisssors</name>
		<pose>Unspecified</pose>
		<truncated>0</truncated>
		<difficult>0</difficult>
		<occluded>0</occluded>
		<bndbox>
			<xmin>166</xmin>
			<xmax>350</xmax>
			<ymin>101</ymin>
			<ymax>454</ymax>
		</bndbox>
	</object>
</annotation>
