<annotation>
	<folder></folder>
	<filename>label_1_20220818_111234_690__jpg.rf.8a0970c942577b3d62b2cf0b95bb113c.jpg</filename>
	<path>label_1_20220818_111234_690__jpg.rf.8a0970c942577b3d62b2cf0b95bb113c.jpg</path>
	<source>
		<database>roboflow.com</database>
	</source>
	<size>
		<width>640</width>
		<height>640</height>
		<depth>3</depth>
	</size>
	<segmented>0</segmented>
	<object>
		<name>Scisssors</name>
		<pose>Unspecified</pose>
		<truncated>0</truncated>
		<difficult>0</difficult>
		<occluded>0</occluded>
		<bndbox>
			<xmin>73</xmin>
			<xmax>362</xmax>
			<ymin>110</ymin>
			<ymax>415</ymax>
		</bndbox>
	</object>
</annotation>
