<annotation>
	<folder></folder>
	<filename>label_1_20220818_111111_003__jpg.rf.fc2591264265748d13aa67db59ad2be4.jpg</filename>
	<path>label_1_20220818_111111_003__jpg.rf.fc2591264265748d13aa67db59ad2be4.jpg</path>
	<source>
		<database>roboflow.com</database>
	</source>
	<size>
		<width>640</width>
		<height>640</height>
		<depth>3</depth>
	</size>
	<segmented>0</segmented>
	<object>
		<name>Scissors</name>
		<pose>Unspecified</pose>
		<truncated>0</truncated>
		<difficult>0</difficult>
		<occluded>0</occluded>
		<bndbox>
			<xmin>275</xmin>
			<xmax>485</xmax>
			<ymin>263</ymin>
			<ymax>613</ymax>
		</bndbox>
	</object>
</annotation>
