<annotation>
	<folder></folder>
	<filename>label_2_20220818_111727_333__jpg.rf.97d258084297ac68a511ca454c43e410.jpg</filename>
	<path>label_2_20220818_111727_333__jpg.rf.97d258084297ac68a511ca454c43e410.jpg</path>
	<source>
		<database>roboflow.com</database>
	</source>
	<size>
		<width>640</width>
		<height>640</height>
		<depth>3</depth>
	</size>
	<segmented>0</segmented>
	<object>
		<name>Paper</name>
		<pose>Unspecified</pose>
		<truncated>0</truncated>
		<difficult>0</difficult>
		<occluded>0</occluded>
		<bndbox>
			<xmin>251</xmin>
			<xmax>365</xmax>
			<ymin>71</ymin>
			<ymax>338</ymax>
		</bndbox>
	</object>
</annotation>
