<annotation>
	<folder></folder>
	<filename>label_1_20220818_111142_393__jpg.rf.dd31e45030c1876ed86862bdce1613f4.jpg</filename>
	<path>label_1_20220818_111142_393__jpg.rf.dd31e45030c1876ed86862bdce1613f4.jpg</path>
	<source>
		<database>roboflow.com</database>
	</source>
	<size>
		<width>640</width>
		<height>640</height>
		<depth>3</depth>
	</size>
	<segmented>0</segmented>
	<object>
		<name>Scisssors</name>
		<pose>Unspecified</pose>
		<truncated>0</truncated>
		<difficult>0</difficult>
		<occluded>0</occluded>
		<bndbox>
			<xmin>163</xmin>
			<xmax>629</xmax>
			<ymin>105</ymin>
			<ymax>529</ymax>
		</bndbox>
	</object>
</annotation>
