<annotation>
	<folder></folder>
	<filename>label_0_20220818_110408_204__jpg.rf.8cc4ac9bc9412220a5dd1b1529979802.jpg</filename>
	<path>label_0_20220818_110408_204__jpg.rf.8cc4ac9bc9412220a5dd1b1529979802.jpg</path>
	<source>
		<database>roboflow.com</database>
	</source>
	<size>
		<width>640</width>
		<height>640</height>
		<depth>3</depth>
	</size>
	<segmented>0</segmented>
	<object>
		<name>Rock</name>
		<pose>Unspecified</pose>
		<truncated>0</truncated>
		<difficult>0</difficult>
		<occluded>0</occluded>
		<bndbox>
			<xmin>166</xmin>
			<xmax>435</xmax>
			<ymin>169</ymin>
			<ymax>458</ymax>
		</bndbox>
	</object>
</annotation>
