<annotation>
	<folder></folder>
	<filename>label_2_20220818_111543_414__jpg.rf.2e66f74f06bdc9549318b31a387ad37d.jpg</filename>
	<path>label_2_20220818_111543_414__jpg.rf.2e66f74f06bdc9549318b31a387ad37d.jpg</path>
	<source>
		<database>roboflow.com</database>
	</source>
	<size>
		<width>640</width>
		<height>640</height>
		<depth>3</depth>
	</size>
	<segmented>0</segmented>
	<object>
		<name>Paper</name>
		<pose>Unspecified</pose>
		<truncated>0</truncated>
		<difficult>0</difficult>
		<occluded>0</occluded>
		<bndbox>
			<xmin>239</xmin>
			<xmax>445</xmax>
			<ymin>88</ymin>
			<ymax>457</ymax>
		</bndbox>
	</object>
</annotation>
