<annotation>
	<folder></folder>
	<filename>label_2_20220818_111609_316__jpg.rf.22820129db3caf699f4cdad1918aaafa.jpg</filename>
	<path>label_2_20220818_111609_316__jpg.rf.22820129db3caf699f4cdad1918aaafa.jpg</path>
	<source>
		<database>roboflow.com</database>
	</source>
	<size>
		<width>640</width>
		<height>640</height>
		<depth>3</depth>
	</size>
	<segmented>0</segmented>
	<object>
		<name>Paper</name>
		<pose>Unspecified</pose>
		<truncated>0</truncated>
		<difficult>0</difficult>
		<occluded>0</occluded>
		<bndbox>
			<xmin>71</xmin>
			<xmax>477</xmax>
			<ymin>175</ymin>
			<ymax>531</ymax>
		</bndbox>
	</object>
</annotation>
