<annotation>
	<folder></folder>
	<filename>label_2_20220818_111728_868__jpg.rf.ab8081f9c4f98ee7bf57a111037d4731.jpg</filename>
	<path>label_2_20220818_111728_868__jpg.rf.ab8081f9c4f98ee7bf57a111037d4731.jpg</path>
	<source>
		<database>roboflow.com</database>
	</source>
	<size>
		<width>640</width>
		<height>640</height>
		<depth>3</depth>
	</size>
	<segmented>0</segmented>
	<object>
		<name>Paper</name>
		<pose>Unspecified</pose>
		<truncated>0</truncated>
		<difficult>0</difficult>
		<occluded>0</occluded>
		<bndbox>
			<xmin>85</xmin>
			<xmax>400</xmax>
			<ymin>151</ymin>
			<ymax>293</ymax>
		</bndbox>
	</object>
</annotation>
