<annotation>
	<folder></folder>
	<filename>label_1_20220818_111200_978__jpg.rf.da59e48f2b51fa90934ec703448a226f.jpg</filename>
	<path>label_1_20220818_111200_978__jpg.rf.da59e48f2b51fa90934ec703448a226f.jpg</path>
	<source>
		<database>roboflow.com</database>
	</source>
	<size>
		<width>640</width>
		<height>640</height>
		<depth>3</depth>
	</size>
	<segmented>0</segmented>
	<object>
		<name>Scisssors</name>
		<pose>Unspecified</pose>
		<truncated>0</truncated>
		<difficult>0</difficult>
		<occluded>0</occluded>
		<bndbox>
			<xmin>278</xmin>
			<xmax>625</xmax>
			<ymin>245</ymin>
			<ymax>641</ymax>
		</bndbox>
	</object>
</annotation>
