<annotation>
	<folder></folder>
	<filename>label_0_20220818_110439_805__jpg.rf.0876cc6503a301a38388ca1e26e181c3.jpg</filename>
	<path>label_0_20220818_110439_805__jpg.rf.0876cc6503a301a38388ca1e26e181c3.jpg</path>
	<source>
		<database>roboflow.com</database>
	</source>
	<size>
		<width>640</width>
		<height>640</height>
		<depth>3</depth>
	</size>
	<segmented>0</segmented>
	<object>
		<name>Rock</name>
		<pose>Unspecified</pose>
		<truncated>0</truncated>
		<difficult>0</difficult>
		<occluded>0</occluded>
		<bndbox>
			<xmin>308</xmin>
			<xmax>600</xmax>
			<ymin>250</ymin>
			<ymax>538</ymax>
		</bndbox>
	</object>
</annotation>
