<annotation>
	<folder></folder>
	<filename>label_0_20220818_110438_315__jpg.rf.26b4bd47317595c3026d85c7f970cc3b.jpg</filename>
	<path>label_0_20220818_110438_315__jpg.rf.26b4bd47317595c3026d85c7f970cc3b.jpg</path>
	<source>
		<database>roboflow.com</database>
	</source>
	<size>
		<width>640</width>
		<height>640</height>
		<depth>3</depth>
	</size>
	<segmented>0</segmented>
	<object>
		<name>Rock</name>
		<pose>Unspecified</pose>
		<truncated>0</truncated>
		<difficult>0</difficult>
		<occluded>0</occluded>
		<bndbox>
			<xmin>257</xmin>
			<xmax>524</xmax>
			<ymin>244</ymin>
			<ymax>531</ymax>
		</bndbox>
	</object>
</annotation>
