<annotation>
	<folder></folder>
	<filename>label_1_20220818_111244_422__jpg.rf.8cdc6fcf4218d35ddaecc0b03a13c0fa.jpg</filename>
	<path>label_1_20220818_111244_422__jpg.rf.8cdc6fcf4218d35ddaecc0b03a13c0fa.jpg</path>
	<source>
		<database>roboflow.com</database>
	</source>
	<size>
		<width>640</width>
		<height>640</height>
		<depth>3</depth>
	</size>
	<segmented>0</segmented>
	<object>
		<name>Scisssors</name>
		<pose>Unspecified</pose>
		<truncated>0</truncated>
		<difficult>0</difficult>
		<occluded>0</occluded>
		<bndbox>
			<xmin>39</xmin>
			<xmax>329</xmax>
			<ymin>79</ymin>
			<ymax>376</ymax>
		</bndbox>
	</object>
</annotation>
