<annotation>
	<folder></folder>
	<filename>label_1_20220818_111017_561__jpg.rf.0be02252d47bede8925a48f4fece3e96.jpg</filename>
	<path>label_1_20220818_111017_561__jpg.rf.0be02252d47bede8925a48f4fece3e96.jpg</path>
	<source>
		<database>roboflow.com</database>
	</source>
	<size>
		<width>640</width>
		<height>640</height>
		<depth>3</depth>
	</size>
	<segmented>0</segmented>
	<object>
		<name>Scissors</name>
		<pose>Unspecified</pose>
		<truncated>0</truncated>
		<difficult>0</difficult>
		<occluded>0</occluded>
		<bndbox>
			<xmin>250</xmin>
			<xmax>480</xmax>
			<ymin>208</ymin>
			<ymax>499</ymax>
		</bndbox>
	</object>
</annotation>
