<annotation>
	<folder></folder>
	<filename>label_2_20220818_111612_332__jpg.rf.b4da14846d6dedf2fbc4c04ae0706eaf.jpg</filename>
	<path>label_2_20220818_111612_332__jpg.rf.b4da14846d6dedf2fbc4c04ae0706eaf.jpg</path>
	<source>
		<database>roboflow.com</database>
	</source>
	<size>
		<width>640</width>
		<height>640</height>
		<depth>3</depth>
	</size>
	<segmented>0</segmented>
	<object>
		<name>Paper</name>
		<pose>Unspecified</pose>
		<truncated>0</truncated>
		<difficult>0</difficult>
		<occluded>0</occluded>
		<bndbox>
			<xmin>1</xmin>
			<xmax>303</xmax>
			<ymin>180</ymin>
			<ymax>504</ymax>
		</bndbox>
	</object>
</annotation>
