<annotation>
	<folder></folder>
	<filename>label_0_20220818_110442_253__jpg.rf.0bd31fbbbcb4c48b648fc24de9ef2d21.jpg</filename>
	<path>label_0_20220818_110442_253__jpg.rf.0bd31fbbbcb4c48b648fc24de9ef2d21.jpg</path>
	<source>
		<database>roboflow.com</database>
	</source>
	<size>
		<width>640</width>
		<height>640</height>
		<depth>3</depth>
	</size>
	<segmented>0</segmented>
	<object>
		<name>Rock</name>
		<pose>Unspecified</pose>
		<truncated>0</truncated>
		<difficult>0</difficult>
		<occluded>0</occluded>
		<bndbox>
			<xmin>137</xmin>
			<xmax>421</xmax>
			<ymin>280</ymin>
			<ymax>557</ymax>
		</bndbox>
	</object>
</annotation>
