<annotation>
	<folder></folder>
	<filename>label_0_20220818_110748_962__jpg.rf.c1fb436f18280ffab2b6608e852a5a89.jpg</filename>
	<path>label_0_20220818_110748_962__jpg.rf.c1fb436f18280ffab2b6608e852a5a89.jpg</path>
	<source>
		<database>roboflow.com</database>
	</source>
	<size>
		<width>640</width>
		<height>640</height>
		<depth>3</depth>
	</size>
	<segmented>0</segmented>
	<object>
		<name>Rock</name>
		<pose>Unspecified</pose>
		<truncated>0</truncated>
		<difficult>0</difficult>
		<occluded>0</occluded>
		<bndbox>
			<xmin>257</xmin>
			<xmax>506</xmax>
			<ymin>269</ymin>
			<ymax>506</ymax>
		</bndbox>
	</object>
</annotation>
