<annotation>
	<folder></folder>
	<filename>label_2_20220818_111633_165__jpg.rf.772ccdbae69b479bfdbbc69cc81f53a4.jpg</filename>
	<path>label_2_20220818_111633_165__jpg.rf.772ccdbae69b479bfdbbc69cc81f53a4.jpg</path>
	<source>
		<database>roboflow.com</database>
	</source>
	<size>
		<width>640</width>
		<height>640</height>
		<depth>3</depth>
	</size>
	<segmented>0</segmented>
	<object>
		<name>Paper</name>
		<pose>Unspecified</pose>
		<truncated>0</truncated>
		<difficult>0</difficult>
		<occluded>0</occluded>
		<bndbox>
			<xmin>1</xmin>
			<xmax>421</xmax>
			<ymin>89</ymin>
			<ymax>384</ymax>
		</bndbox>
	</object>
</annotation>
