<annotation>
	<folder></folder>
	<filename>label_1_20220818_111253_245__jpg.rf.27dcd944642143ed717915a672763c96.jpg</filename>
	<path>label_1_20220818_111253_245__jpg.rf.27dcd944642143ed717915a672763c96.jpg</path>
	<source>
		<database>roboflow.com</database>
	</source>
	<size>
		<width>640</width>
		<height>640</height>
		<depth>3</depth>
	</size>
	<segmented>0</segmented>
	<object>
		<name>Scisssors</name>
		<pose>Unspecified</pose>
		<truncated>0</truncated>
		<difficult>0</difficult>
		<occluded>0</occluded>
		<bndbox>
			<xmin>243</xmin>
			<xmax>521</xmax>
			<ymin>148</ymin>
			<ymax>510</ymax>
		</bndbox>
	</object>
</annotation>
