<annotation>
	<folder></folder>
	<filename>label_0_20220818_110531_631__jpg.rf.7465e5ea0e20f58a02f545b20951ee6f.jpg</filename>
	<path>label_0_20220818_110531_631__jpg.rf.7465e5ea0e20f58a02f545b20951ee6f.jpg</path>
	<source>
		<database>roboflow.com</database>
	</source>
	<size>
		<width>640</width>
		<height>640</height>
		<depth>3</depth>
	</size>
	<segmented>0</segmented>
	<object>
		<name>Rock</name>
		<pose>Unspecified</pose>
		<truncated>0</truncated>
		<difficult>0</difficult>
		<occluded>0</occluded>
		<bndbox>
			<xmin>231</xmin>
			<xmax>381</xmax>
			<ymin>106</ymin>
			<ymax>235</ymax>
		</bndbox>
	</object>
</annotation>
