<annotation>
	<folder></folder>
	<filename>label_2_20220818_111434_167__jpg.rf.abf8a8a2d1a9ef9f8ac0d75f4aac3c83.jpg</filename>
	<path>label_2_20220818_111434_167__jpg.rf.abf8a8a2d1a9ef9f8ac0d75f4aac3c83.jpg</path>
	<source>
		<database>roboflow.com</database>
	</source>
	<size>
		<width>640</width>
		<height>640</height>
		<depth>3</depth>
	</size>
	<segmented>0</segmented>
	<object>
		<name>Paper</name>
		<pose>Unspecified</pose>
		<truncated>0</truncated>
		<difficult>0</difficult>
		<occluded>0</occluded>
		<bndbox>
			<xmin>170</xmin>
			<xmax>596</xmax>
			<ymin>129</ymin>
			<ymax>530</ymax>
		</bndbox>
	</object>
</annotation>
