<annotation>
	<folder></folder>
	<filename>label_0_20220818_110734_531__jpg.rf.26256399e12bd6661b40c769546b246d.jpg</filename>
	<path>label_0_20220818_110734_531__jpg.rf.26256399e12bd6661b40c769546b246d.jpg</path>
	<source>
		<database>roboflow.com</database>
	</source>
	<size>
		<width>640</width>
		<height>640</height>
		<depth>3</depth>
	</size>
	<segmented>0</segmented>
	<object>
		<name>Rock</name>
		<pose>Unspecified</pose>
		<truncated>0</truncated>
		<difficult>0</difficult>
		<occluded>0</occluded>
		<bndbox>
			<xmin>178</xmin>
			<xmax>417</xmax>
			<ymin>241</ymin>
			<ymax>453</ymax>
		</bndbox>
	</object>
</annotation>
