<annotation>
	<folder></folder>
	<filename>label_0_20220818_110437_420__jpg.rf.4c0fbd4a7098eb6ffc516510c1cdac16.jpg</filename>
	<path>label_0_20220818_110437_420__jpg.rf.4c0fbd4a7098eb6ffc516510c1cdac16.jpg</path>
	<source>
		<database>roboflow.com</database>
	</source>
	<size>
		<width>640</width>
		<height>640</height>
		<depth>3</depth>
	</size>
	<segmented>0</segmented>
	<object>
		<name>Rock</name>
		<pose>Unspecified</pose>
		<truncated>0</truncated>
		<difficult>0</difficult>
		<occluded>0</occluded>
		<bndbox>
			<xmin>255</xmin>
			<xmax>502</xmax>
			<ymin>262</ymin>
			<ymax>531</ymax>
		</bndbox>
	</object>
</annotation>
