<annotation>
	<folder></folder>
	<filename>label_1_20220818_111235_068__jpg.rf.b78057f4559cc41617a0d655695c3df9.jpg</filename>
	<path>label_1_20220818_111235_068__jpg.rf.b78057f4559cc41617a0d655695c3df9.jpg</path>
	<source>
		<database>roboflow.com</database>
	</source>
	<size>
		<width>640</width>
		<height>640</height>
		<depth>3</depth>
	</size>
	<segmented>0</segmented>
	<object>
		<name>Scisssors</name>
		<pose>Unspecified</pose>
		<truncated>0</truncated>
		<difficult>0</difficult>
		<occluded>0</occluded>
		<bndbox>
			<xmin>131</xmin>
			<xmax>355</xmax>
			<ymin>218</ymin>
			<ymax>421</ymax>
		</bndbox>
	</object>
</annotation>
