<annotation>
	<folder></folder>
	<filename>label_0_20220818_110402_275__jpg.rf.54c1921ef88eb9bab52e19018f62d032.jpg</filename>
	<path>label_0_20220818_110402_275__jpg.rf.54c1921ef88eb9bab52e19018f62d032.jpg</path>
	<source>
		<database>roboflow.com</database>
	</source>
	<size>
		<width>640</width>
		<height>640</height>
		<depth>3</depth>
	</size>
	<segmented>0</segmented>
	<object>
		<name>Rock</name>
		<pose>Unspecified</pose>
		<truncated>0</truncated>
		<difficult>0</difficult>
		<occluded>0</occluded>
		<bndbox>
			<xmin>189</xmin>
			<xmax>416</xmax>
			<ymin>210</ymin>
			<ymax>475</ymax>
		</bndbox>
	</object>
</annotation>
