<annotation>
	<folder></folder>
	<filename>label_0_20220818_110731_654__jpg.rf.f86c65123fbf05ad46c8d78252b010bd.jpg</filename>
	<path>label_0_20220818_110731_654__jpg.rf.f86c65123fbf05ad46c8d78252b010bd.jpg</path>
	<source>
		<database>roboflow.com</database>
	</source>
	<size>
		<width>640</width>
		<height>640</height>
		<depth>3</depth>
	</size>
	<segmented>0</segmented>
	<object>
		<name>Rock</name>
		<pose>Unspecified</pose>
		<truncated>0</truncated>
		<difficult>0</difficult>
		<occluded>0</occluded>
		<bndbox>
			<xmin>454</xmin>
			<xmax>584</xmax>
			<ymin>70</ymin>
			<ymax>223</ymax>
		</bndbox>
	</object>
</annotation>
