<annotation>
	<folder></folder>
	<filename>label_0_20220818_110732_454__jpg.rf.24d8fe8fdd67a7ea14b1089b879f6e8b.jpg</filename>
	<path>label_0_20220818_110732_454__jpg.rf.24d8fe8fdd67a7ea14b1089b879f6e8b.jpg</path>
	<source>
		<database>roboflow.com</database>
	</source>
	<size>
		<width>640</width>
		<height>640</height>
		<depth>3</depth>
	</size>
	<segmented>0</segmented>
	<object>
		<name>Rock</name>
		<pose>Unspecified</pose>
		<truncated>0</truncated>
		<difficult>0</difficult>
		<occluded>0</occluded>
		<bndbox>
			<xmin>361</xmin>
			<xmax>525</xmax>
			<ymin>100</ymin>
			<ymax>256</ymax>
		</bndbox>
	</object>
</annotation>
