<annotation>
	<folder></folder>
	<filename>label_0_20220818_110705_294__jpg.rf.8ea73b1ad531525e60dd2d5802b7e71a.jpg</filename>
	<path>label_0_20220818_110705_294__jpg.rf.8ea73b1ad531525e60dd2d5802b7e71a.jpg</path>
	<source>
		<database>roboflow.com</database>
	</source>
	<size>
		<width>640</width>
		<height>640</height>
		<depth>3</depth>
	</size>
	<segmented>0</segmented>
	<object>
		<name>Rock</name>
		<pose>Unspecified</pose>
		<truncated>0</truncated>
		<difficult>0</difficult>
		<occluded>0</occluded>
		<bndbox>
			<xmin>58</xmin>
			<xmax>321</xmax>
			<ymin>183</ymin>
			<ymax>528</ymax>
		</bndbox>
	</object>
</annotation>
