<annotation>
	<folder></folder>
	<filename>label_0_20220818_110438_972__jpg.rf.010fb147b5279161789d3644128c6615.jpg</filename>
	<path>label_0_20220818_110438_972__jpg.rf.010fb147b5279161789d3644128c6615.jpg</path>
	<source>
		<database>roboflow.com</database>
	</source>
	<size>
		<width>640</width>
		<height>640</height>
		<depth>3</depth>
	</size>
	<segmented>0</segmented>
	<object>
		<name>Rock</name>
		<pose>Unspecified</pose>
		<truncated>0</truncated>
		<difficult>0</difficult>
		<occluded>0</occluded>
		<bndbox>
			<xmin>287</xmin>
			<xmax>560</xmax>
			<ymin>228</ymin>
			<ymax>533</ymax>
		</bndbox>
	</object>
</annotation>
