<annotation>
	<folder></folder>
	<filename>label_1_20220818_111254_109__jpg.rf.057480fdd4d4030261035672d9976439.jpg</filename>
	<path>label_1_20220818_111254_109__jpg.rf.057480fdd4d4030261035672d9976439.jpg</path>
	<source>
		<database>roboflow.com</database>
	</source>
	<size>
		<width>640</width>
		<height>640</height>
		<depth>3</depth>
	</size>
	<segmented>0</segmented>
	<object>
		<name>Scisssors</name>
		<pose>Unspecified</pose>
		<truncated>0</truncated>
		<difficult>0</difficult>
		<occluded>0</occluded>
		<bndbox>
			<xmin>274</xmin>
			<xmax>518</xmax>
			<ymin>256</ymin>
			<ymax>486</ymax>
		</bndbox>
	</object>
</annotation>
