<annotation>
	<folder></folder>
	<filename>label_2_20220818_111438_063__jpg.rf.e228301611254c970672241129387e6a.jpg</filename>
	<path>label_2_20220818_111438_063__jpg.rf.e228301611254c970672241129387e6a.jpg</path>
	<source>
		<database>roboflow.com</database>
	</source>
	<size>
		<width>640</width>
		<height>640</height>
		<depth>3</depth>
	</size>
	<segmented>0</segmented>
	<object>
		<name>Paper</name>
		<pose>Unspecified</pose>
		<truncated>0</truncated>
		<difficult>0</difficult>
		<occluded>0</occluded>
		<bndbox>
			<xmin>132</xmin>
			<xmax>523</xmax>
			<ymin>41</ymin>
			<ymax>569</ymax>
		</bndbox>
	</object>
</annotation>
