<annotation>
	<folder></folder>
	<filename>label_2_20220818_111542_402__jpg.rf.7c3e4891e1a19dfc13b42221d5886458.jpg</filename>
	<path>label_2_20220818_111542_402__jpg.rf.7c3e4891e1a19dfc13b42221d5886458.jpg</path>
	<source>
		<database>roboflow.com</database>
	</source>
	<size>
		<width>640</width>
		<height>640</height>
		<depth>3</depth>
	</size>
	<segmented>0</segmented>
	<object>
		<name>Paper</name>
		<pose>Unspecified</pose>
		<truncated>0</truncated>
		<difficult>0</difficult>
		<occluded>0</occluded>
		<bndbox>
			<xmin>148</xmin>
			<xmax>526</xmax>
			<ymin>242</ymin>
			<ymax>513</ymax>
		</bndbox>
	</object>
</annotation>
