<annotation>
	<folder></folder>
	<filename>label_0_20220818_110404_158__jpg.rf.5d983f5711daa0dc91f9961f7b2784de.jpg</filename>
	<path>label_0_20220818_110404_158__jpg.rf.5d983f5711daa0dc91f9961f7b2784de.jpg</path>
	<source>
		<database>roboflow.com</database>
	</source>
	<size>
		<width>640</width>
		<height>640</height>
		<depth>3</depth>
	</size>
	<segmented>0</segmented>
	<object>
		<name>Rock</name>
		<pose>Unspecified</pose>
		<truncated>0</truncated>
		<difficult>0</difficult>
		<occluded>0</occluded>
		<bndbox>
			<xmin>179</xmin>
			<xmax>434</xmax>
			<ymin>210</ymin>
			<ymax>439</ymax>
		</bndbox>
	</object>
</annotation>
