<annotation>
	<folder></folder>
	<filename>label_0_20220818_110731_118__jpg.rf.9a8ae4987d83dafb55f17ee4fa75d7bb.jpg</filename>
	<path>label_0_20220818_110731_118__jpg.rf.9a8ae4987d83dafb55f17ee4fa75d7bb.jpg</path>
	<source>
		<database>roboflow.com</database>
	</source>
	<size>
		<width>640</width>
		<height>640</height>
		<depth>3</depth>
	</size>
	<segmented>0</segmented>
	<object>
		<name>Rock</name>
		<pose>Unspecified</pose>
		<truncated>0</truncated>
		<difficult>0</difficult>
		<occluded>0</occluded>
		<bndbox>
			<xmin>442</xmin>
			<xmax>554</xmax>
			<ymin>86</ymin>
			<ymax>214</ymax>
		</bndbox>
	</object>
</annotation>
