<annotation>
	<folder></folder>
	<filename>label_0_20220818_110512_931__jpg.rf.4fb89f393564946e35059f0511992091.jpg</filename>
	<path>label_0_20220818_110512_931__jpg.rf.4fb89f393564946e35059f0511992091.jpg</path>
	<source>
		<database>roboflow.com</database>
	</source>
	<size>
		<width>640</width>
		<height>640</height>
		<depth>3</depth>
	</size>
	<segmented>0</segmented>
	<object>
		<name>Rock</name>
		<pose>Unspecified</pose>
		<truncated>0</truncated>
		<difficult>0</difficult>
		<occluded>0</occluded>
		<bndbox>
			<xmin>234</xmin>
			<xmax>426</xmax>
			<ymin>305</ymin>
			<ymax>515</ymax>
		</bndbox>
	</object>
</annotation>
