<annotation>
	<folder></folder>
	<filename>label_0_20220818_110405_767__jpg.rf.533b5165fdd02ee4c7a463ad4fadc244.jpg</filename>
	<path>label_0_20220818_110405_767__jpg.rf.533b5165fdd02ee4c7a463ad4fadc244.jpg</path>
	<source>
		<database>roboflow.com</database>
	</source>
	<size>
		<width>640</width>
		<height>640</height>
		<depth>3</depth>
	</size>
	<segmented>0</segmented>
	<object>
		<name>Rock</name>
		<pose>Unspecified</pose>
		<truncated>0</truncated>
		<difficult>0</difficult>
		<occluded>0</occluded>
		<bndbox>
			<xmin>115</xmin>
			<xmax>344</xmax>
			<ymin>89</ymin>
			<ymax>392</ymax>
		</bndbox>
	</object>
</annotation>
