<annotation>
	<folder></folder>
	<filename>label_2_20220818_111706_480__jpg.rf.4fb6c2acd1ed50cb5d6f1279d20bdf8a.jpg</filename>
	<path>label_2_20220818_111706_480__jpg.rf.4fb6c2acd1ed50cb5d6f1279d20bdf8a.jpg</path>
	<source>
		<database>roboflow.com</database>
	</source>
	<size>
		<width>640</width>
		<height>640</height>
		<depth>3</depth>
	</size>
	<segmented>0</segmented>
	<object>
		<name>Paper</name>
		<pose>Unspecified</pose>
		<truncated>0</truncated>
		<difficult>0</difficult>
		<occluded>0</occluded>
		<bndbox>
			<xmin>215</xmin>
			<xmax>546</xmax>
			<ymin>39</ymin>
			<ymax>388</ymax>
		</bndbox>
	</object>
</annotation>
