<annotation>
	<folder></folder>
	<filename>label_0_20220818_110459_946__jpg.rf.1f263cae573963ce7e6823245f3bb43e.jpg</filename>
	<path>label_0_20220818_110459_946__jpg.rf.1f263cae573963ce7e6823245f3bb43e.jpg</path>
	<source>
		<database>roboflow.com</database>
	</source>
	<size>
		<width>640</width>
		<height>640</height>
		<depth>3</depth>
	</size>
	<segmented>0</segmented>
	<object>
		<name>Rock</name>
		<pose>Unspecified</pose>
		<truncated>0</truncated>
		<difficult>0</difficult>
		<occluded>0</occluded>
		<bndbox>
			<xmin>296</xmin>
			<xmax>491</xmax>
			<ymin>68</ymin>
			<ymax>337</ymax>
		</bndbox>
	</object>
</annotation>
