<annotation>
	<folder></folder>
	<filename>label_0_20220818_110555_012__jpg.rf.1ec476686a26bfc7a8347e1d4e535c62.jpg</filename>
	<path>label_0_20220818_110555_012__jpg.rf.1ec476686a26bfc7a8347e1d4e535c62.jpg</path>
	<source>
		<database>roboflow.com</database>
	</source>
	<size>
		<width>640</width>
		<height>640</height>
		<depth>3</depth>
	</size>
	<segmented>0</segmented>
	<object>
		<name>Rock</name>
		<pose>Unspecified</pose>
		<truncated>0</truncated>
		<difficult>0</difficult>
		<occluded>0</occluded>
		<bndbox>
			<xmin>156</xmin>
			<xmax>476</xmax>
			<ymin>127</ymin>
			<ymax>492</ymax>
		</bndbox>
	</object>
</annotation>
