<annotation>
	<folder></folder>
	<filename>label_1_20220818_111241_607__jpg.rf.6c89c41b8b331de676464f71b5c1d52b.jpg</filename>
	<path>label_1_20220818_111241_607__jpg.rf.6c89c41b8b331de676464f71b5c1d52b.jpg</path>
	<source>
		<database>roboflow.com</database>
	</source>
	<size>
		<width>640</width>
		<height>640</height>
		<depth>3</depth>
	</size>
	<segmented>0</segmented>
	<object>
		<name>Scisssors</name>
		<pose>Unspecified</pose>
		<truncated>0</truncated>
		<difficult>0</difficult>
		<occluded>0</occluded>
		<bndbox>
			<xmin>164</xmin>
			<xmax>380</xmax>
			<ymin>227</ymin>
			<ymax>439</ymax>
		</bndbox>
	</object>
</annotation>
