<annotation>
	<folder></folder>
	<filename>label_1_20220818_111018_457__jpg.rf.0ba54b28fddb164d2d11e8f7b1ec4908.jpg</filename>
	<path>label_1_20220818_111018_457__jpg.rf.0ba54b28fddb164d2d11e8f7b1ec4908.jpg</path>
	<source>
		<database>roboflow.com</database>
	</source>
	<size>
		<width>640</width>
		<height>640</height>
		<depth>3</depth>
	</size>
	<segmented>0</segmented>
	<object>
		<name>Scissors</name>
		<pose>Unspecified</pose>
		<truncated>0</truncated>
		<difficult>0</difficult>
		<occluded>0</occluded>
		<bndbox>
			<xmin>244</xmin>
			<xmax>453</xmax>
			<ymin>127</ymin>
			<ymax>471</ymax>
		</bndbox>
	</object>
</annotation>
