<annotation>
	<folder></folder>
	<filename>label_2_20220818_111709_257__jpg.rf.26ecec0656b3d3776dc7a05b84452baa.jpg</filename>
	<path>label_2_20220818_111709_257__jpg.rf.26ecec0656b3d3776dc7a05b84452baa.jpg</path>
	<source>
		<database>roboflow.com</database>
	</source>
	<size>
		<width>640</width>
		<height>640</height>
		<depth>3</depth>
	</size>
	<segmented>0</segmented>
	<object>
		<name>Paper</name>
		<pose>Unspecified</pose>
		<truncated>0</truncated>
		<difficult>0</difficult>
		<occluded>0</occluded>
		<bndbox>
			<xmin>210</xmin>
			<xmax>590</xmax>
			<ymin>158</ymin>
			<ymax>388</ymax>
		</bndbox>
	</object>
</annotation>
