<annotation>
	<folder></folder>
	<filename>label_0_20220818_110744_468__jpg.rf.43306fdc68f33740f515184268668355.jpg</filename>
	<path>label_0_20220818_110744_468__jpg.rf.43306fdc68f33740f515184268668355.jpg</path>
	<source>
		<database>roboflow.com</database>
	</source>
	<size>
		<width>640</width>
		<height>640</height>
		<depth>3</depth>
	</size>
	<segmented>0</segmented>
	<object>
		<name>Rock</name>
		<pose>Unspecified</pose>
		<truncated>0</truncated>
		<difficult>0</difficult>
		<occluded>0</occluded>
		<bndbox>
			<xmin>188</xmin>
			<xmax>478</xmax>
			<ymin>167</ymin>
			<ymax>480</ymax>
		</bndbox>
	</object>
</annotation>
