<annotation>
	<folder></folder>
	<filename>label_2_20220818_111611_121__jpg.rf.d609269ad763c7328a93fa5d4c2e3e84.jpg</filename>
	<path>label_2_20220818_111611_121__jpg.rf.d609269ad763c7328a93fa5d4c2e3e84.jpg</path>
	<source>
		<database>roboflow.com</database>
	</source>
	<size>
		<width>640</width>
		<height>640</height>
		<depth>3</depth>
	</size>
	<segmented>0</segmented>
	<object>
		<name>Paper</name>
		<pose>Unspecified</pose>
		<truncated>0</truncated>
		<difficult>0</difficult>
		<occluded>0</occluded>
		<bndbox>
			<xmin>118</xmin>
			<xmax>430</xmax>
			<ymin>111</ymin>
			<ymax>474</ymax>
		</bndbox>
	</object>
</annotation>
