<annotation>
	<folder></folder>
	<filename>label_1_20220818_111237_490__jpg.rf.6c0e5c19cd3a00c4c460fea2ef89e037.jpg</filename>
	<path>label_1_20220818_111237_490__jpg.rf.6c0e5c19cd3a00c4c460fea2ef89e037.jpg</path>
	<source>
		<database>roboflow.com</database>
	</source>
	<size>
		<width>640</width>
		<height>640</height>
		<depth>3</depth>
	</size>
	<segmented>0</segmented>
	<object>
		<name>Scisssors</name>
		<pose>Unspecified</pose>
		<truncated>0</truncated>
		<difficult>0</difficult>
		<occluded>0</occluded>
		<bndbox>
			<xmin>159</xmin>
			<xmax>422</xmax>
			<ymin>59</ymin>
			<ymax>409</ymax>
		</bndbox>
	</object>
</annotation>
