<annotation>
	<folder></folder>
	<filename>label_1_20220818_111201_552__jpg.rf.091d30400a34a46192ee010cdad04f46.jpg</filename>
	<path>label_1_20220818_111201_552__jpg.rf.091d30400a34a46192ee010cdad04f46.jpg</path>
	<source>
		<database>roboflow.com</database>
	</source>
	<size>
		<width>640</width>
		<height>640</height>
		<depth>3</depth>
	</size>
	<segmented>0</segmented>
	<object>
		<name>Scisssors</name>
		<pose>Unspecified</pose>
		<truncated>0</truncated>
		<difficult>0</difficult>
		<occluded>0</occluded>
		<bndbox>
			<xmin>269</xmin>
			<xmax>584</xmax>
			<ymin>300</ymin>
			<ymax>641</ymax>
		</bndbox>
	</object>
</annotation>
