<annotation>
	<folder></folder>
	<filename>label_1_20220818_111045_489__jpg.rf.58521c6ca5d8bcf0126b683374cb95b5.jpg</filename>
	<path>label_1_20220818_111045_489__jpg.rf.58521c6ca5d8bcf0126b683374cb95b5.jpg</path>
	<source>
		<database>roboflow.com</database>
	</source>
	<size>
		<width>640</width>
		<height>640</height>
		<depth>3</depth>
	</size>
	<segmented>0</segmented>
	<object>
		<name>Scissors</name>
		<pose>Unspecified</pose>
		<truncated>0</truncated>
		<difficult>0</difficult>
		<occluded>0</occluded>
		<bndbox>
			<xmin>159</xmin>
			<xmax>421</xmax>
			<ymin>207</ymin>
			<ymax>595</ymax>
		</bndbox>
	</object>
</annotation>
