<annotation>
	<folder></folder>
	<filename>label_0_20220818_110329_878__jpg.rf.67c6393435aeebdb77b36372408c55ff.jpg</filename>
	<path>label_0_20220818_110329_878__jpg.rf.67c6393435aeebdb77b36372408c55ff.jpg</path>
	<source>
		<database>roboflow.com</database>
	</source>
	<size>
		<width>640</width>
		<height>640</height>
		<depth>3</depth>
	</size>
	<segmented>0</segmented>
	<object>
		<name>Rock</name>
		<pose>Unspecified</pose>
		<truncated>0</truncated>
		<difficult>0</difficult>
		<occluded>0</occluded>
		<bndbox>
			<xmin>178</xmin>
			<xmax>406</xmax>
			<ymin>58</ymin>
			<ymax>286</ymax>
		</bndbox>
	</object>
</annotation>
