<annotation>
	<folder></folder>
	<filename>label_1_20220818_111144_749__jpg.rf.1942284c6104f23ce6ce4a9187971649.jpg</filename>
	<path>label_1_20220818_111144_749__jpg.rf.1942284c6104f23ce6ce4a9187971649.jpg</path>
	<source>
		<database>roboflow.com</database>
	</source>
	<size>
		<width>640</width>
		<height>640</height>
		<depth>3</depth>
	</size>
	<segmented>0</segmented>
	<object>
		<name>Scisssors</name>
		<pose>Unspecified</pose>
		<truncated>0</truncated>
		<difficult>0</difficult>
		<occluded>0</occluded>
		<bndbox>
			<xmin>136</xmin>
			<xmax>599</xmax>
			<ymin>148</ymin>
			<ymax>570</ymax>
		</bndbox>
	</object>
</annotation>
