<annotation>
	<folder></folder>
	<filename>label_0_20220818_110514_777__jpg.rf.1f257ea51bbb6c3abb056af183b03da4.jpg</filename>
	<path>label_0_20220818_110514_777__jpg.rf.1f257ea51bbb6c3abb056af183b03da4.jpg</path>
	<source>
		<database>roboflow.com</database>
	</source>
	<size>
		<width>640</width>
		<height>640</height>
		<depth>3</depth>
	</size>
	<segmented>0</segmented>
	<object>
		<name>Rock</name>
		<pose>Unspecified</pose>
		<truncated>0</truncated>
		<difficult>0</difficult>
		<occluded>0</occluded>
		<bndbox>
			<xmin>302</xmin>
			<xmax>575</xmax>
			<ymin>150</ymin>
			<ymax>428</ymax>
		</bndbox>
	</object>
</annotation>
