<annotation>
	<folder></folder>
	<filename>label_1_20220818_111044_016__jpg.rf.e383076f673f313089e97281b27a70de.jpg</filename>
	<path>label_1_20220818_111044_016__jpg.rf.e383076f673f313089e97281b27a70de.jpg</path>
	<source>
		<database>roboflow.com</database>
	</source>
	<size>
		<width>640</width>
		<height>640</height>
		<depth>3</depth>
	</size>
	<segmented>0</segmented>
	<object>
		<name>Scissors</name>
		<pose>Unspecified</pose>
		<truncated>0</truncated>
		<difficult>0</difficult>
		<occluded>0</occluded>
		<bndbox>
			<xmin>25</xmin>
			<xmax>311</xmax>
			<ymin>124</ymin>
			<ymax>562</ymax>
		</bndbox>
	</object>
</annotation>
