<annotation>
	<folder></folder>
	<filename>label_2_20220818_111712_929__jpg.rf.a37f04e13ec0da4208a7f5ff08dacf49.jpg</filename>
	<path>label_2_20220818_111712_929__jpg.rf.a37f04e13ec0da4208a7f5ff08dacf49.jpg</path>
	<source>
		<database>roboflow.com</database>
	</source>
	<size>
		<width>640</width>
		<height>640</height>
		<depth>3</depth>
	</size>
	<segmented>0</segmented>
	<object>
		<name>Paper</name>
		<pose>Unspecified</pose>
		<truncated>0</truncated>
		<difficult>0</difficult>
		<occluded>0</occluded>
		<bndbox>
			<xmin>164</xmin>
			<xmax>526</xmax>
			<ymin>54</ymin>
			<ymax>391</ymax>
		</bndbox>
	</object>
</annotation>
