<annotation>
	<folder></folder>
	<filename>label_2_20220818_111543_896__jpg.rf.c67b33567482cf090557c35e79c766da.jpg</filename>
	<path>label_2_20220818_111543_896__jpg.rf.c67b33567482cf090557c35e79c766da.jpg</path>
	<source>
		<database>roboflow.com</database>
	</source>
	<size>
		<width>640</width>
		<height>640</height>
		<depth>3</depth>
	</size>
	<segmented>0</segmented>
	<object>
		<name>Paper</name>
		<pose>Unspecified</pose>
		<truncated>0</truncated>
		<difficult>0</difficult>
		<occluded>0</occluded>
		<bndbox>
			<xmin>251</xmin>
			<xmax>433</xmax>
			<ymin>42</ymin>
			<ymax>458</ymax>
		</bndbox>
	</object>
</annotation>
