<annotation>
	<folder></folder>
	<filename>label_1_20220818_111113_251__jpg.rf.7e5a464ee9b1868639c7d325dde68ad7.jpg</filename>
	<path>label_1_20220818_111113_251__jpg.rf.7e5a464ee9b1868639c7d325dde68ad7.jpg</path>
	<source>
		<database>roboflow.com</database>
	</source>
	<size>
		<width>640</width>
		<height>640</height>
		<depth>3</depth>
	</size>
	<segmented>0</segmented>
	<object>
		<name>Scissors</name>
		<pose>Unspecified</pose>
		<truncated>0</truncated>
		<difficult>0</difficult>
		<occluded>0</occluded>
		<bndbox>
			<xmin>152</xmin>
			<xmax>425</xmax>
			<ymin>218</ymin>
			<ymax>602</ymax>
		</bndbox>
	</object>
</annotation>
