<annotation>
	<folder></folder>
	<filename>label_0_20220818_110550_265__jpg.rf.45e49b1e0aab8afe897dbbfbabf859fa.jpg</filename>
	<path>label_0_20220818_110550_265__jpg.rf.45e49b1e0aab8afe897dbbfbabf859fa.jpg</path>
	<source>
		<database>roboflow.com</database>
	</source>
	<size>
		<width>640</width>
		<height>640</height>
		<depth>3</depth>
	</size>
	<segmented>0</segmented>
	<object>
		<name>Rock</name>
		<pose>Unspecified</pose>
		<truncated>0</truncated>
		<difficult>0</difficult>
		<occluded>0</occluded>
		<bndbox>
			<xmin>315</xmin>
			<xmax>590</xmax>
			<ymin>141</ymin>
			<ymax>480</ymax>
		</bndbox>
	</object>
</annotation>
