<annotation>
	<folder></folder>
	<filename>label_2_20220818_111433_439__jpg.rf.24b9b537a632593acdf9a7fbed1d3df8.jpg</filename>
	<path>label_2_20220818_111433_439__jpg.rf.24b9b537a632593acdf9a7fbed1d3df8.jpg</path>
	<source>
		<database>roboflow.com</database>
	</source>
	<size>
		<width>640</width>
		<height>640</height>
		<depth>3</depth>
	</size>
	<segmented>0</segmented>
	<object>
		<name>Paper</name>
		<pose>Unspecified</pose>
		<truncated>0</truncated>
		<difficult>0</difficult>
		<occluded>0</occluded>
		<bndbox>
			<xmin>125</xmin>
			<xmax>603</xmax>
			<ymin>118</ymin>
			<ymax>470</ymax>
		</bndbox>
	</object>
</annotation>
