<annotation>
	<folder></folder>
	<filename>label_0_20220818_110334_596__jpg.rf.6872ecafc084d52c880394078bc6f4eb.jpg</filename>
	<path>label_0_20220818_110334_596__jpg.rf.6872ecafc084d52c880394078bc6f4eb.jpg</path>
	<source>
		<database>roboflow.com</database>
	</source>
	<size>
		<width>640</width>
		<height>640</height>
		<depth>3</depth>
	</size>
	<segmented>0</segmented>
	<object>
		<name>Rock</name>
		<pose>Unspecified</pose>
		<truncated>0</truncated>
		<difficult>0</difficult>
		<occluded>0</occluded>
		<bndbox>
			<xmin>244</xmin>
			<xmax>485</xmax>
			<ymin>228</ymin>
			<ymax>439</ymax>
		</bndbox>
	</object>
</annotation>
