<annotation>
	<folder></folder>
	<filename>label_2_20220818_111611_719__jpg.rf.689eba1b9d1e7bf80081f2939e8b92f3.jpg</filename>
	<path>label_2_20220818_111611_719__jpg.rf.689eba1b9d1e7bf80081f2939e8b92f3.jpg</path>
	<source>
		<database>roboflow.com</database>
	</source>
	<size>
		<width>640</width>
		<height>640</height>
		<depth>3</depth>
	</size>
	<segmented>0</segmented>
	<object>
		<name>Paper</name>
		<pose>Unspecified</pose>
		<truncated>0</truncated>
		<difficult>0</difficult>
		<occluded>0</occluded>
		<bndbox>
			<xmin>102</xmin>
			<xmax>285</xmax>
			<ymin>132</ymin>
			<ymax>485</ymax>
		</bndbox>
	</object>
</annotation>
