<annotation>
	<folder></folder>
	<filename>label_0_20220818_110557_029__jpg.rf.e99705e85791e311e062a3bf2b83dbfb.jpg</filename>
	<path>label_0_20220818_110557_029__jpg.rf.e99705e85791e311e062a3bf2b83dbfb.jpg</path>
	<source>
		<database>roboflow.com</database>
	</source>
	<size>
		<width>640</width>
		<height>640</height>
		<depth>3</depth>
	</size>
	<segmented>0</segmented>
	<object>
		<name>Rock</name>
		<pose>Unspecified</pose>
		<truncated>0</truncated>
		<difficult>0</difficult>
		<occluded>0</occluded>
		<bndbox>
			<xmin>144</xmin>
			<xmax>455</xmax>
			<ymin>201</ymin>
			<ymax>497</ymax>
		</bndbox>
	</object>
</annotation>
