<annotation>
	<folder></folder>
	<filename>label_1_20220818_111112_450__jpg.rf.6c03ef42d6497212f42362bf6851e321.jpg</filename>
	<path>label_1_20220818_111112_450__jpg.rf.6c03ef42d6497212f42362bf6851e321.jpg</path>
	<source>
		<database>roboflow.com</database>
	</source>
	<size>
		<width>640</width>
		<height>640</height>
		<depth>3</depth>
	</size>
	<segmented>0</segmented>
	<object>
		<name>Scissors</name>
		<pose>Unspecified</pose>
		<truncated>0</truncated>
		<difficult>0</difficult>
		<occluded>0</occluded>
		<bndbox>
			<xmin>119</xmin>
			<xmax>430</xmax>
			<ymin>275</ymin>
			<ymax>636</ymax>
		</bndbox>
	</object>
</annotation>
