<annotation>
	<folder></folder>
	<filename>label_0_20220818_110748_259__jpg.rf.36b4f63fe6f9f7a65758a643e1351ab0.jpg</filename>
	<path>label_0_20220818_110748_259__jpg.rf.36b4f63fe6f9f7a65758a643e1351ab0.jpg</path>
	<source>
		<database>roboflow.com</database>
	</source>
	<size>
		<width>640</width>
		<height>640</height>
		<depth>3</depth>
	</size>
	<segmented>0</segmented>
	<object>
		<name>Rock</name>
		<pose>Unspecified</pose>
		<truncated>0</truncated>
		<difficult>0</difficult>
		<occluded>0</occluded>
		<bndbox>
			<xmin>226</xmin>
			<xmax>403</xmax>
			<ymin>235</ymin>
			<ymax>482</ymax>
		</bndbox>
	</object>
</annotation>
