<annotation>
	<folder></folder>
	<filename>label_2_20220818_111547_650__jpg.rf.c2b098c0efaad414f820a6cdeb5dda62.jpg</filename>
	<path>label_2_20220818_111547_650__jpg.rf.c2b098c0efaad414f820a6cdeb5dda62.jpg</path>
	<source>
		<database>roboflow.com</database>
	</source>
	<size>
		<width>640</width>
		<height>640</height>
		<depth>3</depth>
	</size>
	<segmented>0</segmented>
	<object>
		<name>Paper</name>
		<pose>Unspecified</pose>
		<truncated>0</truncated>
		<difficult>0</difficult>
		<occluded>0</occluded>
		<bndbox>
			<xmin>197</xmin>
			<xmax>390</xmax>
			<ymin>158</ymin>
			<ymax>396</ymax>
		</bndbox>
	</object>
</annotation>
