<annotation>
	<folder></folder>
	<filename>label_0_20220818_110746_903__jpg.rf.c584641cc742ddd39d7b0d195940bac1.jpg</filename>
	<path>label_0_20220818_110746_903__jpg.rf.c584641cc742ddd39d7b0d195940bac1.jpg</path>
	<source>
		<database>roboflow.com</database>
	</source>
	<size>
		<width>640</width>
		<height>640</height>
		<depth>3</depth>
	</size>
	<segmented>0</segmented>
	<object>
		<name>Rock</name>
		<pose>Unspecified</pose>
		<truncated>0</truncated>
		<difficult>0</difficult>
		<occluded>0</occluded>
		<bndbox>
			<xmin>216</xmin>
			<xmax>372</xmax>
			<ymin>188</ymin>
			<ymax>409</ymax>
		</bndbox>
	</object>
</annotation>
