<annotation>
	<folder></folder>
	<filename>label_0_20220818_110511_741__jpg.rf.cabbf6bfb24e764afa6e71a0ce633638.jpg</filename>
	<path>label_0_20220818_110511_741__jpg.rf.cabbf6bfb24e764afa6e71a0ce633638.jpg</path>
	<source>
		<database>roboflow.com</database>
	</source>
	<size>
		<width>640</width>
		<height>640</height>
		<depth>3</depth>
	</size>
	<segmented>0</segmented>
	<object>
		<name>Rock</name>
		<pose>Unspecified</pose>
		<truncated>0</truncated>
		<difficult>0</difficult>
		<occluded>0</occluded>
		<bndbox>
			<xmin>189</xmin>
			<xmax>405</xmax>
			<ymin>283</ymin>
			<ymax>463</ymax>
		</bndbox>
	</object>
</annotation>
