<annotation>
	<folder></folder>
	<filename>label_2_20220818_111436_163__jpg.rf.d3a6bfd14cda1674ed62a79920b04b72.jpg</filename>
	<path>label_2_20220818_111436_163__jpg.rf.d3a6bfd14cda1674ed62a79920b04b72.jpg</path>
	<source>
		<database>roboflow.com</database>
	</source>
	<size>
		<width>640</width>
		<height>640</height>
		<depth>3</depth>
	</size>
	<segmented>0</segmented>
	<object>
		<name>Paper</name>
		<pose>Unspecified</pose>
		<truncated>0</truncated>
		<difficult>0</difficult>
		<occluded>0</occluded>
		<bndbox>
			<xmin>162</xmin>
			<xmax>561</xmax>
			<ymin>162</ymin>
			<ymax>515</ymax>
		</bndbox>
	</object>
</annotation>
