<annotation>
	<folder></folder>
	<filename>label_2_20220818_111550_750__jpg.rf.67879059b3e112adb3e3c5ba722e103e.jpg</filename>
	<path>label_2_20220818_111550_750__jpg.rf.67879059b3e112adb3e3c5ba722e103e.jpg</path>
	<source>
		<database>roboflow.com</database>
	</source>
	<size>
		<width>640</width>
		<height>640</height>
		<depth>3</depth>
	</size>
	<segmented>0</segmented>
	<object>
		<name>Paper</name>
		<pose>Unspecified</pose>
		<truncated>0</truncated>
		<difficult>0</difficult>
		<occluded>0</occluded>
		<bndbox>
			<xmin>343</xmin>
			<xmax>503</xmax>
			<ymin>124</ymin>
			<ymax>421</ymax>
		</bndbox>
	</object>
</annotation>
