<annotation>
	<folder></folder>
	<filename>label_2_20220818_111652_909__jpg.rf.5640d2199d6231fa472790fd4fcb02d4.jpg</filename>
	<path>label_2_20220818_111652_909__jpg.rf.5640d2199d6231fa472790fd4fcb02d4.jpg</path>
	<source>
		<database>roboflow.com</database>
	</source>
	<size>
		<width>640</width>
		<height>640</height>
		<depth>3</depth>
	</size>
	<segmented>0</segmented>
	<object>
		<name>Paper</name>
		<pose>Unspecified</pose>
		<truncated>0</truncated>
		<difficult>0</difficult>
		<occluded>0</occluded>
		<bndbox>
			<xmin>123</xmin>
			<xmax>572</xmax>
			<ymin>62</ymin>
			<ymax>431</ymax>
		</bndbox>
	</object>
</annotation>
