<annotation>
	<folder></folder>
	<filename>label_0_20220818_110745_701__jpg.rf.ea05c9d6c4619832b76b90731d2ca89a.jpg</filename>
	<path>label_0_20220818_110745_701__jpg.rf.ea05c9d6c4619832b76b90731d2ca89a.jpg</path>
	<source>
		<database>roboflow.com</database>
	</source>
	<size>
		<width>640</width>
		<height>640</height>
		<depth>3</depth>
	</size>
	<segmented>0</segmented>
	<object>
		<name>Rock</name>
		<pose>Unspecified</pose>
		<truncated>0</truncated>
		<difficult>0</difficult>
		<occluded>0</occluded>
		<bndbox>
			<xmin>227</xmin>
			<xmax>410</xmax>
			<ymin>177</ymin>
			<ymax>419</ymax>
		</bndbox>
	</object>
</annotation>
