<annotation>
	<folder></folder>
	<filename>label_0_20220818_110534_267__jpg.rf.e4433a104f3955abe85910d8ff4586f6.jpg</filename>
	<path>label_0_20220818_110534_267__jpg.rf.e4433a104f3955abe85910d8ff4586f6.jpg</path>
	<source>
		<database>roboflow.com</database>
	</source>
	<size>
		<width>640</width>
		<height>640</height>
		<depth>3</depth>
	</size>
	<segmented>0</segmented>
	<object>
		<name>Rock</name>
		<pose>Unspecified</pose>
		<truncated>0</truncated>
		<difficult>0</difficult>
		<occluded>0</occluded>
		<bndbox>
			<xmin>240</xmin>
			<xmax>443</xmax>
			<ymin>50</ymin>
			<ymax>229</ymax>
		</bndbox>
	</object>
</annotation>
