<annotation>
	<folder></folder>
	<filename>label_1_20220818_111214_680__jpg.rf.02a65a6b196e22db14f9e38c7b4cd8c8.jpg</filename>
	<path>label_1_20220818_111214_680__jpg.rf.02a65a6b196e22db14f9e38c7b4cd8c8.jpg</path>
	<source>
		<database>roboflow.com</database>
	</source>
	<size>
		<width>640</width>
		<height>640</height>
		<depth>3</depth>
	</size>
	<segmented>0</segmented>
	<object>
		<name>Scisssors</name>
		<pose>Unspecified</pose>
		<truncated>0</truncated>
		<difficult>0</difficult>
		<occluded>0</occluded>
		<bndbox>
			<xmin>1</xmin>
			<xmax>333</xmax>
			<ymin>116</ymin>
			<ymax>590</ymax>
		</bndbox>
	</object>
</annotation>
