<annotation>
	<folder></folder>
	<filename>label_1_20220818_111115_579__jpg.rf.d96ff4c604ea7422dd3c828301749da9.jpg</filename>
	<path>label_1_20220818_111115_579__jpg.rf.d96ff4c604ea7422dd3c828301749da9.jpg</path>
	<source>
		<database>roboflow.com</database>
	</source>
	<size>
		<width>640</width>
		<height>640</height>
		<depth>3</depth>
	</size>
	<segmented>0</segmented>
	<object>
		<name>Scisssors</name>
		<pose>Unspecified</pose>
		<truncated>0</truncated>
		<difficult>0</difficult>
		<occluded>0</occluded>
		<bndbox>
			<xmin>58</xmin>
			<xmax>535</xmax>
			<ymin>3</ymin>
			<ymax>641</ymax>
		</bndbox>
	</object>
</annotation>
