<annotation>
	<folder></folder>
	<filename>label_0_20220818_110459_331__jpg.rf.d9272043e8ecd58b504f8b96c6009b0e.jpg</filename>
	<path>label_0_20220818_110459_331__jpg.rf.d9272043e8ecd58b504f8b96c6009b0e.jpg</path>
	<source>
		<database>roboflow.com</database>
	</source>
	<size>
		<width>640</width>
		<height>640</height>
		<depth>3</depth>
	</size>
	<segmented>0</segmented>
	<object>
		<name>Rock</name>
		<pose>Unspecified</pose>
		<truncated>0</truncated>
		<difficult>0</difficult>
		<occluded>0</occluded>
		<bndbox>
			<xmin>254</xmin>
			<xmax>475</xmax>
			<ymin>95</ymin>
			<ymax>345</ymax>
		</bndbox>
	</object>
</annotation>
