<annotation>
	<folder></folder>
	<filename>label_1_20220818_111159_882__jpg.rf.ee2d1f9aae5877d024e35a0289d2a19b.jpg</filename>
	<path>label_1_20220818_111159_882__jpg.rf.ee2d1f9aae5877d024e35a0289d2a19b.jpg</path>
	<source>
		<database>roboflow.com</database>
	</source>
	<size>
		<width>640</width>
		<height>640</height>
		<depth>3</depth>
	</size>
	<segmented>0</segmented>
	<object>
		<name>Scisssors</name>
		<pose>Unspecified</pose>
		<truncated>0</truncated>
		<difficult>0</difficult>
		<occluded>0</occluded>
		<bndbox>
			<xmin>298</xmin>
			<xmax>584</xmax>
			<ymin>208</ymin>
			<ymax>641</ymax>
		</bndbox>
	</object>
</annotation>
