<annotation>
	<folder></folder>
	<filename>label_2_20220818_111708_197__jpg.rf.fb085d7134cf0565ad34f0aef2c71b86.jpg</filename>
	<path>label_2_20220818_111708_197__jpg.rf.fb085d7134cf0565ad34f0aef2c71b86.jpg</path>
	<source>
		<database>roboflow.com</database>
	</source>
	<size>
		<width>640</width>
		<height>640</height>
		<depth>3</depth>
	</size>
	<segmented>0</segmented>
	<object>
		<name>Paper</name>
		<pose>Unspecified</pose>
		<truncated>0</truncated>
		<difficult>0</difficult>
		<occluded>0</occluded>
		<bndbox>
			<xmin>174</xmin>
			<xmax>561</xmax>
			<ymin>158</ymin>
			<ymax>384</ymax>
		</bndbox>
	</object>
</annotation>
