<annotation>
	<folder></folder>
	<filename>label_0_20220818_110500_639__jpg.rf.0ba139b7915d67b08fe0e884d3e0fb50.jpg</filename>
	<path>label_0_20220818_110500_639__jpg.rf.0ba139b7915d67b08fe0e884d3e0fb50.jpg</path>
	<source>
		<database>roboflow.com</database>
	</source>
	<size>
		<width>640</width>
		<height>640</height>
		<depth>3</depth>
	</size>
	<segmented>0</segmented>
	<object>
		<name>Rock</name>
		<pose>Unspecified</pose>
		<truncated>0</truncated>
		<difficult>0</difficult>
		<occluded>0</occluded>
		<bndbox>
			<xmin>300</xmin>
			<xmax>504</xmax>
			<ymin>55</ymin>
			<ymax>331</ymax>
		</bndbox>
	</object>
</annotation>
