<annotation>
	<folder></folder>
	<filename>label_0_20220818_110351_101__jpg.rf.47c680f6777c6ab479815f5f8aa480a2.jpg</filename>
	<path>label_0_20220818_110351_101__jpg.rf.47c680f6777c6ab479815f5f8aa480a2.jpg</path>
	<source>
		<database>roboflow.com</database>
	</source>
	<size>
		<width>640</width>
		<height>640</height>
		<depth>3</depth>
	</size>
	<segmented>0</segmented>
	<object>
		<name>Rock</name>
		<pose>Unspecified</pose>
		<truncated>0</truncated>
		<difficult>0</difficult>
		<occluded>0</occluded>
		<bndbox>
			<xmin>154</xmin>
			<xmax>416</xmax>
			<ymin>147</ymin>
			<ymax>373</ymax>
		</bndbox>
	</object>
</annotation>
