<annotation>
	<folder></folder>
	<filename>label_0_20220818_110455_898__jpg.rf.3cfe51546e8de1e1f5af0007e04e33a0.jpg</filename>
	<path>label_0_20220818_110455_898__jpg.rf.3cfe51546e8de1e1f5af0007e04e33a0.jpg</path>
	<source>
		<database>roboflow.com</database>
	</source>
	<size>
		<width>640</width>
		<height>640</height>
		<depth>3</depth>
	</size>
	<segmented>0</segmented>
	<object>
		<name>Rock</name>
		<pose>Unspecified</pose>
		<truncated>0</truncated>
		<difficult>0</difficult>
		<occluded>0</occluded>
		<bndbox>
			<xmin>127</xmin>
			<xmax>396</xmax>
			<ymin>236</ymin>
			<ymax>489</ymax>
		</bndbox>
	</object>
</annotation>
