<annotation>
	<folder></folder>
	<filename>label_2_20220818_111444_545__jpg.rf.0240adff51f377661b328309a1ad34f2.jpg</filename>
	<path>label_2_20220818_111444_545__jpg.rf.0240adff51f377661b328309a1ad34f2.jpg</path>
	<source>
		<database>roboflow.com</database>
	</source>
	<size>
		<width>640</width>
		<height>640</height>
		<depth>3</depth>
	</size>
	<segmented>0</segmented>
	<object>
		<name>Paper</name>
		<pose>Unspecified</pose>
		<truncated>0</truncated>
		<difficult>0</difficult>
		<occluded>0</occluded>
		<bndbox>
			<xmin>35</xmin>
			<xmax>641</xmax>
			<ymin>113</ymin>
			<ymax>557</ymax>
		</bndbox>
	</object>
</annotation>
