<annotation>
	<folder></folder>
	<filename>label_1_20220818_111143_683__jpg.rf.eeb0641a199321a4ad3fdfb74be80afb.jpg</filename>
	<path>label_1_20220818_111143_683__jpg.rf.eeb0641a199321a4ad3fdfb74be80afb.jpg</path>
	<source>
		<database>roboflow.com</database>
	</source>
	<size>
		<width>640</width>
		<height>640</height>
		<depth>3</depth>
	</size>
	<segmented>0</segmented>
	<object>
		<name>Scisssors</name>
		<pose>Unspecified</pose>
		<truncated>0</truncated>
		<difficult>0</difficult>
		<occluded>0</occluded>
		<bndbox>
			<xmin>70</xmin>
			<xmax>577</xmax>
			<ymin>166</ymin>
			<ymax>529</ymax>
		</bndbox>
	</object>
</annotation>
