<annotation>
	<folder></folder>
	<filename>label_2_20220818_111632_113__jpg.rf.cd733325e54cc65218d9a7877416a891.jpg</filename>
	<path>label_2_20220818_111632_113__jpg.rf.cd733325e54cc65218d9a7877416a891.jpg</path>
	<source>
		<database>roboflow.com</database>
	</source>
	<size>
		<width>640</width>
		<height>640</height>
		<depth>3</depth>
	</size>
	<segmented>0</segmented>
	<object>
		<name>Paper</name>
		<pose>Unspecified</pose>
		<truncated>0</truncated>
		<difficult>0</difficult>
		<occluded>0</occluded>
		<bndbox>
			<xmin>103</xmin>
			<xmax>252</xmax>
			<ymin>1</ymin>
			<ymax>347</ymax>
		</bndbox>
	</object>
</annotation>
