<annotation>
	<folder></folder>
	<filename>label_0_20220818_110709_544__jpg.rf.7281ea33d4b4b0050ec0cece16668ba4.jpg</filename>
	<path>label_0_20220818_110709_544__jpg.rf.7281ea33d4b4b0050ec0cece16668ba4.jpg</path>
	<source>
		<database>roboflow.com</database>
	</source>
	<size>
		<width>640</width>
		<height>640</height>
		<depth>3</depth>
	</size>
	<segmented>0</segmented>
	<object>
		<name>Rock</name>
		<pose>Unspecified</pose>
		<truncated>0</truncated>
		<difficult>0</difficult>
		<occluded>0</occluded>
		<bndbox>
			<xmin>52</xmin>
			<xmax>270</xmax>
			<ymin>259</ymin>
			<ymax>462</ymax>
		</bndbox>
	</object>
</annotation>
