<annotation>
	<folder></folder>
	<filename>label_1_20220818_111209_616__jpg.rf.ca5a62403d333c1d69680530c6339150.jpg</filename>
	<path>label_1_20220818_111209_616__jpg.rf.ca5a62403d333c1d69680530c6339150.jpg</path>
	<source>
		<database>roboflow.com</database>
	</source>
	<size>
		<width>640</width>
		<height>640</height>
		<depth>3</depth>
	</size>
	<segmented>0</segmented>
	<object>
		<name>Scisssors</name>
		<pose>Unspecified</pose>
		<truncated>0</truncated>
		<difficult>0</difficult>
		<occluded>0</occluded>
		<bndbox>
			<xmin>14</xmin>
			<xmax>420</xmax>
			<ymin>56</ymin>
			<ymax>599</ymax>
		</bndbox>
	</object>
</annotation>
