<annotation>
	<folder></folder>
	<filename>label_0_20220818_110328_383__jpg.rf.3cc7a0abd436ceb653dc09511d3681e8.jpg</filename>
	<path>label_0_20220818_110328_383__jpg.rf.3cc7a0abd436ceb653dc09511d3681e8.jpg</path>
	<source>
		<database>roboflow.com</database>
	</source>
	<size>
		<width>640</width>
		<height>640</height>
		<depth>3</depth>
	</size>
	<segmented>0</segmented>
	<object>
		<name>Rock</name>
		<pose>Unspecified</pose>
		<truncated>0</truncated>
		<difficult>0</difficult>
		<occluded>0</occluded>
		<bndbox>
			<xmin>163</xmin>
			<xmax>383</xmax>
			<ymin>172</ymin>
			<ymax>429</ymax>
		</bndbox>
	</object>
</annotation>
