<annotation>
	<folder></folder>
	<filename>label_1_20220818_111244_858__jpg.rf.4f41e4ff208f60b614ada26f964dc7ce.jpg</filename>
	<path>label_1_20220818_111244_858__jpg.rf.4f41e4ff208f60b614ada26f964dc7ce.jpg</path>
	<source>
		<database>roboflow.com</database>
	</source>
	<size>
		<width>640</width>
		<height>640</height>
		<depth>3</depth>
	</size>
	<segmented>0</segmented>
	<object>
		<name>Scisssors</name>
		<pose>Unspecified</pose>
		<truncated>0</truncated>
		<difficult>0</difficult>
		<occluded>0</occluded>
		<bndbox>
			<xmin>11</xmin>
			<xmax>373</xmax>
			<ymin>109</ymin>
			<ymax>324</ymax>
		</bndbox>
	</object>
</annotation>
