<annotation>
	<folder></folder>
	<filename>label_1_20220818_111140_313__jpg.rf.c95440e11263f2a8c12a7bb5b26d9f96.jpg</filename>
	<path>label_1_20220818_111140_313__jpg.rf.c95440e11263f2a8c12a7bb5b26d9f96.jpg</path>
	<source>
		<database>roboflow.com</database>
	</source>
	<size>
		<width>640</width>
		<height>640</height>
		<depth>3</depth>
	</size>
	<segmented>0</segmented>
	<object>
		<name>Scisssors</name>
		<pose>Unspecified</pose>
		<truncated>0</truncated>
		<difficult>0</difficult>
		<occluded>0</occluded>
		<bndbox>
			<xmin>70</xmin>
			<xmax>585</xmax>
			<ymin>32</ymin>
			<ymax>539</ymax>
		</bndbox>
	</object>
</annotation>
