<annotation>
	<folder></folder>
	<filename>label_1_20220818_111128_427__jpg.rf.3eede31121019ec39677d1e1b87b81da.jpg</filename>
	<path>label_1_20220818_111128_427__jpg.rf.3eede31121019ec39677d1e1b87b81da.jpg</path>
	<source>
		<database>roboflow.com</database>
	</source>
	<size>
		<width>640</width>
		<height>640</height>
		<depth>3</depth>
	</size>
	<segmented>0</segmented>
	<object>
		<name>Scisssors</name>
		<pose>Unspecified</pose>
		<truncated>0</truncated>
		<difficult>0</difficult>
		<occluded>0</occluded>
		<bndbox>
			<xmin>101</xmin>
			<xmax>407</xmax>
			<ymin>157</ymin>
			<ymax>556</ymax>
		</bndbox>
	</object>
</annotation>
