<annotation>
	<folder></folder>
	<filename>label_1_20220818_111232_627__jpg.rf.28ed539a2fa217f0f8b3daea377c8356.jpg</filename>
	<path>label_1_20220818_111232_627__jpg.rf.28ed539a2fa217f0f8b3daea377c8356.jpg</path>
	<source>
		<database>roboflow.com</database>
	</source>
	<size>
		<width>640</width>
		<height>640</height>
		<depth>3</depth>
	</size>
	<segmented>0</segmented>
	<object>
		<name>Scisssors</name>
		<pose>Unspecified</pose>
		<truncated>0</truncated>
		<difficult>0</difficult>
		<occluded>0</occluded>
		<bndbox>
			<xmin>149</xmin>
			<xmax>328</xmax>
			<ymin>179</ymin>
			<ymax>505</ymax>
		</bndbox>
	</object>
</annotation>
