<annotation>
	<folder></folder>
	<filename>label_1_20220818_111042_139__jpg.rf.700801c81a9779d811c7ba7fab15ac3c.jpg</filename>
	<path>label_1_20220818_111042_139__jpg.rf.700801c81a9779d811c7ba7fab15ac3c.jpg</path>
	<source>
		<database>roboflow.com</database>
	</source>
	<size>
		<width>640</width>
		<height>640</height>
		<depth>3</depth>
	</size>
	<segmented>0</segmented>
	<object>
		<name>Scissors</name>
		<pose>Unspecified</pose>
		<truncated>0</truncated>
		<difficult>0</difficult>
		<occluded>0</occluded>
		<bndbox>
			<xmin>11</xmin>
			<xmax>323</xmax>
			<ymin>85</ymin>
			<ymax>641</ymax>
		</bndbox>
	</object>
</annotation>
