<annotation>
	<folder></folder>
	<filename>label_1_20220818_111243_994__jpg.rf.e51c084ae4e79a0ba04fbeb88b46061a.jpg</filename>
	<path>label_1_20220818_111243_994__jpg.rf.e51c084ae4e79a0ba04fbeb88b46061a.jpg</path>
	<source>
		<database>roboflow.com</database>
	</source>
	<size>
		<width>640</width>
		<height>640</height>
		<depth>3</depth>
	</size>
	<segmented>0</segmented>
	<object>
		<name>Scisssors</name>
		<pose>Unspecified</pose>
		<truncated>0</truncated>
		<difficult>0</difficult>
		<occluded>0</occluded>
		<bndbox>
			<xmin>67</xmin>
			<xmax>298</xmax>
			<ymin>82</ymin>
			<ymax>420</ymax>
		</bndbox>
	</object>
</annotation>
