<annotation>
	<folder></folder>
	<filename>label_0_20220818_110458_601__jpg.rf.5e6ed4bde657c6d7bbbdf5e04f9ea2a8.jpg</filename>
	<path>label_0_20220818_110458_601__jpg.rf.5e6ed4bde657c6d7bbbdf5e04f9ea2a8.jpg</path>
	<source>
		<database>roboflow.com</database>
	</source>
	<size>
		<width>640</width>
		<height>640</height>
		<depth>3</depth>
	</size>
	<segmented>0</segmented>
	<object>
		<name>Rock</name>
		<pose>Unspecified</pose>
		<truncated>0</truncated>
		<difficult>0</difficult>
		<occluded>0</occluded>
		<bndbox>
			<xmin>184</xmin>
			<xmax>481</xmax>
			<ymin>152</ymin>
			<ymax>402</ymax>
		</bndbox>
	</object>
</annotation>
