<annotation>
	<folder></folder>
	<filename>label_2_20220818_111617_983__jpg.rf.09ba552c6b0d32e3394e1b5d3a54ca89.jpg</filename>
	<path>label_2_20220818_111617_983__jpg.rf.09ba552c6b0d32e3394e1b5d3a54ca89.jpg</path>
	<source>
		<database>roboflow.com</database>
	</source>
	<size>
		<width>640</width>
		<height>640</height>
		<depth>3</depth>
	</size>
	<segmented>0</segmented>
	<object>
		<name>Paper</name>
		<pose>Unspecified</pose>
		<truncated>0</truncated>
		<difficult>0</difficult>
		<occluded>0</occluded>
		<bndbox>
			<xmin>293</xmin>
			<xmax>469</xmax>
			<ymin>122</ymin>
			<ymax>363</ymax>
		</bndbox>
	</object>
</annotation>
