<annotation>
	<folder></folder>
	<filename>label_1_20220818_111052_956__jpg.rf.e11602ae3eb2f39ce4f09f73a74c2523.jpg</filename>
	<path>label_1_20220818_111052_956__jpg.rf.e11602ae3eb2f39ce4f09f73a74c2523.jpg</path>
	<source>
		<database>roboflow.com</database>
	</source>
	<size>
		<width>640</width>
		<height>640</height>
		<depth>3</depth>
	</size>
	<segmented>0</segmented>
	<object>
		<name>Scissors</name>
		<pose>Unspecified</pose>
		<truncated>0</truncated>
		<difficult>0</difficult>
		<occluded>0</occluded>
		<bndbox>
			<xmin>216</xmin>
			<xmax>369</xmax>
			<ymin>81</ymin>
			<ymax>325</ymax>
		</bndbox>
	</object>
</annotation>
