<annotation>
	<folder></folder>
	<filename>label_1_20220818_111022_089__jpg.rf.d6e0f8fc5acd682b31ea446e3e265c76.jpg</filename>
	<path>label_1_20220818_111022_089__jpg.rf.d6e0f8fc5acd682b31ea446e3e265c76.jpg</path>
	<source>
		<database>roboflow.com</database>
	</source>
	<size>
		<width>640</width>
		<height>640</height>
		<depth>3</depth>
	</size>
	<segmented>0</segmented>
	<object>
		<name>Scissors</name>
		<pose>Unspecified</pose>
		<truncated>0</truncated>
		<difficult>0</difficult>
		<occluded>0</occluded>
		<bndbox>
			<xmin>277</xmin>
			<xmax>475</xmax>
			<ymin>91</ymin>
			<ymax>458</ymax>
		</bndbox>
	</object>
</annotation>
