<annotation>
	<folder></folder>
	<filename>label_1_20220818_111125_017__jpg.rf.cbfadbfdad9366cd6412ff070fdad649.jpg</filename>
	<path>label_1_20220818_111125_017__jpg.rf.cbfadbfdad9366cd6412ff070fdad649.jpg</path>
	<source>
		<database>roboflow.com</database>
	</source>
	<size>
		<width>640</width>
		<height>640</height>
		<depth>3</depth>
	</size>
	<segmented>0</segmented>
	<object>
		<name>Scisssors</name>
		<pose>Unspecified</pose>
		<truncated>0</truncated>
		<difficult>0</difficult>
		<occluded>0</occluded>
		<bndbox>
			<xmin>126</xmin>
			<xmax>426</xmax>
			<ymin>113</ymin>
			<ymax>543</ymax>
		</bndbox>
	</object>
</annotation>
