<annotation>
	<folder></folder>
	<filename>label_1_20220818_111138_888__jpg.rf.e11e71e39d29134fb8e8ad5261cd0b02.jpg</filename>
	<path>label_1_20220818_111138_888__jpg.rf.e11e71e39d29134fb8e8ad5261cd0b02.jpg</path>
	<source>
		<database>roboflow.com</database>
	</source>
	<size>
		<width>640</width>
		<height>640</height>
		<depth>3</depth>
	</size>
	<segmented>0</segmented>
	<object>
		<name>Scisssors</name>
		<pose>Unspecified</pose>
		<truncated>0</truncated>
		<difficult>0</difficult>
		<occluded>0</occluded>
		<bndbox>
			<xmin>236</xmin>
			<xmax>608</xmax>
			<ymin>42</ymin>
			<ymax>532</ymax>
		</bndbox>
	</object>
</annotation>
