<annotation>
	<folder></folder>
	<filename>label_2_20220818_111710_898__jpg.rf.10fb60092e251f6da3210f36fbaa4f49.jpg</filename>
	<path>label_2_20220818_111710_898__jpg.rf.10fb60092e251f6da3210f36fbaa4f49.jpg</path>
	<source>
		<database>roboflow.com</database>
	</source>
	<size>
		<width>640</width>
		<height>640</height>
		<depth>3</depth>
	</size>
	<segmented>0</segmented>
	<object>
		<name>Paper</name>
		<pose>Unspecified</pose>
		<truncated>0</truncated>
		<difficult>0</difficult>
		<occluded>0</occluded>
		<bndbox>
			<xmin>90</xmin>
			<xmax>504</xmax>
			<ymin>114</ymin>
			<ymax>488</ymax>
		</bndbox>
	</object>
</annotation>
