<annotation>
	<folder></folder>
	<filename>label_1_20220818_111147_008__jpg.rf.25f29529169161beae40640168a46606.jpg</filename>
	<path>label_1_20220818_111147_008__jpg.rf.25f29529169161beae40640168a46606.jpg</path>
	<source>
		<database>roboflow.com</database>
	</source>
	<size>
		<width>640</width>
		<height>640</height>
		<depth>3</depth>
	</size>
	<segmented>0</segmented>
	<object>
		<name>Scisssors</name>
		<pose>Unspecified</pose>
		<truncated>0</truncated>
		<difficult>0</difficult>
		<occluded>0</occluded>
		<bndbox>
			<xmin>154</xmin>
			<xmax>626</xmax>
			<ymin>106</ymin>
			<ymax>538</ymax>
		</bndbox>
	</object>
</annotation>
