<annotation>
	<folder></folder>
	<filename>label_2_20220818_111548_229__jpg.rf.f633d4edc6a61c477c3afeb8933a1a8d.jpg</filename>
	<path>label_2_20220818_111548_229__jpg.rf.f633d4edc6a61c477c3afeb8933a1a8d.jpg</path>
	<source>
		<database>roboflow.com</database>
	</source>
	<size>
		<width>640</width>
		<height>640</height>
		<depth>3</depth>
	</size>
	<segmented>0</segmented>
	<object>
		<name>Paper</name>
		<pose>Unspecified</pose>
		<truncated>0</truncated>
		<difficult>0</difficult>
		<occluded>0</occluded>
		<bndbox>
			<xmin>240</xmin>
			<xmax>416</xmax>
			<ymin>131</ymin>
			<ymax>375</ymax>
		</bndbox>
	</object>
</annotation>
