<annotation>
	<folder></folder>
	<filename>label_0_20220818_110745_093__jpg.rf.d0b61fea07ea2defe2fc3800222f54ce.jpg</filename>
	<path>label_0_20220818_110745_093__jpg.rf.d0b61fea07ea2defe2fc3800222f54ce.jpg</path>
	<source>
		<database>roboflow.com</database>
	</source>
	<size>
		<width>640</width>
		<height>640</height>
		<depth>3</depth>
	</size>
	<segmented>0</segmented>
	<object>
		<name>Rock</name>
		<pose>Unspecified</pose>
		<truncated>0</truncated>
		<difficult>0</difficult>
		<occluded>0</occluded>
		<bndbox>
			<xmin>194</xmin>
			<xmax>435</xmax>
			<ymin>193</ymin>
			<ymax>467</ymax>
		</bndbox>
	</object>
</annotation>
