<annotation>
	<folder></folder>
	<filename>label_1_20220818_111127_712__jpg.rf.5e3760b344c9dd494c67e12cd19530b1.jpg</filename>
	<path>label_1_20220818_111127_712__jpg.rf.5e3760b344c9dd494c67e12cd19530b1.jpg</path>
	<source>
		<database>roboflow.com</database>
	</source>
	<size>
		<width>640</width>
		<height>640</height>
		<depth>3</depth>
	</size>
	<segmented>0</segmented>
	<object>
		<name>Scisssors</name>
		<pose>Unspecified</pose>
		<truncated>0</truncated>
		<difficult>0</difficult>
		<occluded>0</occluded>
		<bndbox>
			<xmin>78</xmin>
			<xmax>491</xmax>
			<ymin>117</ymin>
			<ymax>551</ymax>
		</bndbox>
	</object>
</annotation>
