<annotation>
	<folder></folder>
	<filename>label_0_20220818_110711_838__jpg.rf.e4328d8dbb9b5879c403c0ff4bf852d9.jpg</filename>
	<path>label_0_20220818_110711_838__jpg.rf.e4328d8dbb9b5879c403c0ff4bf852d9.jpg</path>
	<source>
		<database>roboflow.com</database>
	</source>
	<size>
		<width>640</width>
		<height>640</height>
		<depth>3</depth>
	</size>
	<segmented>0</segmented>
	<object>
		<name>Rock</name>
		<pose>Unspecified</pose>
		<truncated>0</truncated>
		<difficult>0</difficult>
		<occluded>0</occluded>
		<bndbox>
			<xmin>139</xmin>
			<xmax>370</xmax>
			<ymin>243</ymin>
			<ymax>497</ymax>
		</bndbox>
	</object>
</annotation>
