<annotation>
	<folder></folder>
	<filename>label_1_20220818_111254_937__jpg.rf.8e526baea265206ea4c31803d95f4a01.jpg</filename>
	<path>label_1_20220818_111254_937__jpg.rf.8e526baea265206ea4c31803d95f4a01.jpg</path>
	<source>
		<database>roboflow.com</database>
	</source>
	<size>
		<width>640</width>
		<height>640</height>
		<depth>3</depth>
	</size>
	<segmented>0</segmented>
	<object>
		<name>Scisssors</name>
		<pose>Unspecified</pose>
		<truncated>0</truncated>
		<difficult>0</difficult>
		<occluded>0</occluded>
		<bndbox>
			<xmin>52</xmin>
			<xmax>436</xmax>
			<ymin>100</ymin>
			<ymax>456</ymax>
		</bndbox>
	</object>
</annotation>
