<annotation>
	<folder></folder>
	<filename>label_1_20220818_111205_193__jpg.rf.268407720796714731430e11bfe25f24.jpg</filename>
	<path>label_1_20220818_111205_193__jpg.rf.268407720796714731430e11bfe25f24.jpg</path>
	<source>
		<database>roboflow.com</database>
	</source>
	<size>
		<width>640</width>
		<height>640</height>
		<depth>3</depth>
	</size>
	<segmented>0</segmented>
	<object>
		<name>Scisssors</name>
		<pose>Unspecified</pose>
		<truncated>0</truncated>
		<difficult>0</difficult>
		<occluded>0</occluded>
		<bndbox>
			<xmin>362</xmin>
			<xmax>626</xmax>
			<ymin>130</ymin>
			<ymax>641</ymax>
		</bndbox>
	</object>
</annotation>
