<annotation>
	<folder></folder>
	<filename>label_1_20220818_111027_272__jpg.rf.bc69a0ab7fb8e1121cbbe933040ebfd9.jpg</filename>
	<path>label_1_20220818_111027_272__jpg.rf.bc69a0ab7fb8e1121cbbe933040ebfd9.jpg</path>
	<source>
		<database>roboflow.com</database>
	</source>
	<size>
		<width>640</width>
		<height>640</height>
		<depth>3</depth>
	</size>
	<segmented>0</segmented>
	<object>
		<name>Scissors</name>
		<pose>Unspecified</pose>
		<truncated>0</truncated>
		<difficult>0</difficult>
		<occluded>0</occluded>
		<bndbox>
			<xmin>308</xmin>
			<xmax>517</xmax>
			<ymin>71</ymin>
			<ymax>374</ymax>
		</bndbox>
	</object>
</annotation>
