<annotation>
	<folder></folder>
	<filename>label_2_20220818_111618_878__jpg.rf.0afbd31216bc8912339b19e38ad205f8.jpg</filename>
	<path>label_2_20220818_111618_878__jpg.rf.0afbd31216bc8912339b19e38ad205f8.jpg</path>
	<source>
		<database>roboflow.com</database>
	</source>
	<size>
		<width>640</width>
		<height>640</height>
		<depth>3</depth>
	</size>
	<segmented>0</segmented>
	<object>
		<name>Paper</name>
		<pose>Unspecified</pose>
		<truncated>0</truncated>
		<difficult>0</difficult>
		<occluded>0</occluded>
		<bndbox>
			<xmin>140</xmin>
			<xmax>477</xmax>
			<ymin>203</ymin>
			<ymax>465</ymax>
		</bndbox>
	</object>
</annotation>
