<annotation>
	<folder></folder>
	<filename>label_0_20220818_110558_990__jpg.rf.3c20dc0b003b726032e553cc92ce1991.jpg</filename>
	<path>label_0_20220818_110558_990__jpg.rf.3c20dc0b003b726032e553cc92ce1991.jpg</path>
	<source>
		<database>roboflow.com</database>
	</source>
	<size>
		<width>640</width>
		<height>640</height>
		<depth>3</depth>
	</size>
	<segmented>0</segmented>
	<object>
		<name>Rock</name>
		<pose>Unspecified</pose>
		<truncated>0</truncated>
		<difficult>0</difficult>
		<occluded>0</occluded>
		<bndbox>
			<xmin>189</xmin>
			<xmax>518</xmax>
			<ymin>147</ymin>
			<ymax>459</ymax>
		</bndbox>
	</object>
</annotation>
