<annotation>
	<folder></folder>
	<filename>label_0_20220818_110327_457__jpg.rf.c2ab9724d23bab74c182c36b6599ba8c.jpg</filename>
	<path>label_0_20220818_110327_457__jpg.rf.c2ab9724d23bab74c182c36b6599ba8c.jpg</path>
	<source>
		<database>roboflow.com</database>
	</source>
	<size>
		<width>640</width>
		<height>640</height>
		<depth>3</depth>
	</size>
	<segmented>0</segmented>
	<object>
		<name>Rock</name>
		<pose>Unspecified</pose>
		<truncated>0</truncated>
		<difficult>0</difficult>
		<occluded>0</occluded>
		<bndbox>
			<xmin>141</xmin>
			<xmax>444</xmax>
			<ymin>137</ymin>
			<ymax>434</ymax>
		</bndbox>
	</object>
</annotation>
