<annotation>
	<folder></folder>
	<filename>label_0_20220818_110512_375__jpg.rf.930fa549751187514aefa66a5d44a0ed.jpg</filename>
	<path>label_0_20220818_110512_375__jpg.rf.930fa549751187514aefa66a5d44a0ed.jpg</path>
	<source>
		<database>roboflow.com</database>
	</source>
	<size>
		<width>640</width>
		<height>640</height>
		<depth>3</depth>
	</size>
	<segmented>0</segmented>
	<object>
		<name>Rock</name>
		<pose>Unspecified</pose>
		<truncated>0</truncated>
		<difficult>0</difficult>
		<occluded>0</occluded>
		<bndbox>
			<xmin>215</xmin>
			<xmax>414</xmax>
			<ymin>300</ymin>
			<ymax>496</ymax>
		</bndbox>
	</object>
</annotation>
