<annotation>
	<folder></folder>
	<filename>label_2_20220818_111443_952__jpg.rf.7bdd15cbcf34ba6c19131b7ba7448522.jpg</filename>
	<path>label_2_20220818_111443_952__jpg.rf.7bdd15cbcf34ba6c19131b7ba7448522.jpg</path>
	<source>
		<database>roboflow.com</database>
	</source>
	<size>
		<width>640</width>
		<height>640</height>
		<depth>3</depth>
	</size>
	<segmented>0</segmented>
	<object>
		<name>Paper</name>
		<pose>Unspecified</pose>
		<truncated>0</truncated>
		<difficult>0</difficult>
		<occluded>0</occluded>
		<bndbox>
			<xmin>20</xmin>
			<xmax>616</xmax>
			<ymin>37</ymin>
			<ymax>598</ymax>
		</bndbox>
	</object>
</annotation>
