<annotation>
	<folder></folder>
	<filename>label_0_20220818_110747_481__jpg.rf.86f9296195033c97820085305ebc0eaa.jpg</filename>
	<path>label_0_20220818_110747_481__jpg.rf.86f9296195033c97820085305ebc0eaa.jpg</path>
	<source>
		<database>roboflow.com</database>
	</source>
	<size>
		<width>640</width>
		<height>640</height>
		<depth>3</depth>
	</size>
	<segmented>0</segmented>
	<object>
		<name>Rock</name>
		<pose>Unspecified</pose>
		<truncated>0</truncated>
		<difficult>0</difficult>
		<occluded>0</occluded>
		<bndbox>
			<xmin>211</xmin>
			<xmax>367</xmax>
			<ymin>182</ymin>
			<ymax>408</ymax>
		</bndbox>
	</object>
</annotation>
