<annotation>
	<folder></folder>
	<filename>label_2_20220818_111631_381__jpg.rf.2412f9fd3f93c89890799fed14b8e4b4.jpg</filename>
	<path>label_2_20220818_111631_381__jpg.rf.2412f9fd3f93c89890799fed14b8e4b4.jpg</path>
	<source>
		<database>roboflow.com</database>
	</source>
	<size>
		<width>640</width>
		<height>640</height>
		<depth>3</depth>
	</size>
	<segmented>0</segmented>
	<object>
		<name>Paper</name>
		<pose>Unspecified</pose>
		<truncated>0</truncated>
		<difficult>0</difficult>
		<occluded>0</occluded>
		<bndbox>
			<xmin>1</xmin>
			<xmax>275</xmax>
			<ymin>67</ymin>
			<ymax>354</ymax>
		</bndbox>
	</object>
</annotation>
