<annotation>
	<folder></folder>
	<filename>label_0_20220818_110455_187__jpg.rf.6c5b5a2e6657ffaf51e94098197c6aa6.jpg</filename>
	<path>label_0_20220818_110455_187__jpg.rf.6c5b5a2e6657ffaf51e94098197c6aa6.jpg</path>
	<source>
		<database>roboflow.com</database>
	</source>
	<size>
		<width>640</width>
		<height>640</height>
		<depth>3</depth>
	</size>
	<segmented>0</segmented>
	<object>
		<name>Rock</name>
		<pose>Unspecified</pose>
		<truncated>0</truncated>
		<difficult>0</difficult>
		<occluded>0</occluded>
		<bndbox>
			<xmin>135</xmin>
			<xmax>374</xmax>
			<ymin>239</ymin>
			<ymax>519</ymax>
		</bndbox>
	</object>
</annotation>
