<annotation>
	<folder></folder>
	<filename>label_0_20220818_110444_687__jpg.rf.a8a70d9f3328e4ab13c04e03a147ceec.jpg</filename>
	<path>label_0_20220818_110444_687__jpg.rf.a8a70d9f3328e4ab13c04e03a147ceec.jpg</path>
	<source>
		<database>roboflow.com</database>
	</source>
	<size>
		<width>640</width>
		<height>640</height>
		<depth>3</depth>
	</size>
	<segmented>0</segmented>
	<object>
		<name>Rock</name>
		<pose>Unspecified</pose>
		<truncated>0</truncated>
		<difficult>0</difficult>
		<occluded>0</occluded>
		<bndbox>
			<xmin>250</xmin>
			<xmax>454</xmax>
			<ymin>241</ymin>
			<ymax>466</ymax>
		</bndbox>
	</object>
</annotation>
