<annotation>
	<folder></folder>
	<filename>label_0_20220818_110729_732__jpg.rf.dd5dbdd1171159795d54cc8bff0793a8.jpg</filename>
	<path>label_0_20220818_110729_732__jpg.rf.dd5dbdd1171159795d54cc8bff0793a8.jpg</path>
	<source>
		<database>roboflow.com</database>
	</source>
	<size>
		<width>640</width>
		<height>640</height>
		<depth>3</depth>
	</size>
	<segmented>0</segmented>
	<object>
		<name>Rock</name>
		<pose>Unspecified</pose>
		<truncated>0</truncated>
		<difficult>0</difficult>
		<occluded>0</occluded>
		<bndbox>
			<xmin>400</xmin>
			<xmax>536</xmax>
			<ymin>140</ymin>
			<ymax>264</ymax>
		</bndbox>
	</object>
</annotation>
