<annotation>
	<folder></folder>
	<filename>label_2_20220818_111635_158__jpg.rf.9b9bb88bf75cabf3fd41d1e9908677ce.jpg</filename>
	<path>label_2_20220818_111635_158__jpg.rf.9b9bb88bf75cabf3fd41d1e9908677ce.jpg</path>
	<source>
		<database>roboflow.com</database>
	</source>
	<size>
		<width>640</width>
		<height>640</height>
		<depth>3</depth>
	</size>
	<segmented>0</segmented>
	<object>
		<name>Paper</name>
		<pose>Unspecified</pose>
		<truncated>0</truncated>
		<difficult>0</difficult>
		<occluded>0</occluded>
		<bndbox>
			<xmin>69</xmin>
			<xmax>331</xmax>
			<ymin>53</ymin>
			<ymax>375</ymax>
		</bndbox>
	</object>
</annotation>
