<annotation>
	<folder></folder>
	<filename>label_1_20220818_111029_472__jpg.rf.15b0518ff3685a641bd7452e5e14dc23.jpg</filename>
	<path>label_1_20220818_111029_472__jpg.rf.15b0518ff3685a641bd7452e5e14dc23.jpg</path>
	<source>
		<database>roboflow.com</database>
	</source>
	<size>
		<width>640</width>
		<height>640</height>
		<depth>3</depth>
	</size>
	<segmented>0</segmented>
	<object>
		<name>Scissors</name>
		<pose>Unspecified</pose>
		<truncated>0</truncated>
		<difficult>0</difficult>
		<occluded>0</occluded>
		<bndbox>
			<xmin>249</xmin>
			<xmax>468</xmax>
			<ymin>122</ymin>
			<ymax>514</ymax>
		</bndbox>
	</object>
</annotation>
