<annotation>
	<folder></folder>
	<filename>label_0_20220818_110352_247__jpg.rf.e12fd6667862fa3794561697bdadc508.jpg</filename>
	<path>label_0_20220818_110352_247__jpg.rf.e12fd6667862fa3794561697bdadc508.jpg</path>
	<source>
		<database>roboflow.com</database>
	</source>
	<size>
		<width>640</width>
		<height>640</height>
		<depth>3</depth>
	</size>
	<segmented>0</segmented>
	<object>
		<name>Rock</name>
		<pose>Unspecified</pose>
		<truncated>0</truncated>
		<difficult>0</difficult>
		<occluded>0</occluded>
		<bndbox>
			<xmin>164</xmin>
			<xmax>411</xmax>
			<ymin>132</ymin>
			<ymax>428</ymax>
		</bndbox>
	</object>
</annotation>
