<annotation>
	<folder></folder>
	<filename>label_0_20220818_110548_667__jpg.rf.86f763f414ebb9d69bba7343232ee973.jpg</filename>
	<path>label_0_20220818_110548_667__jpg.rf.86f763f414ebb9d69bba7343232ee973.jpg</path>
	<source>
		<database>roboflow.com</database>
	</source>
	<size>
		<width>640</width>
		<height>640</height>
		<depth>3</depth>
	</size>
	<segmented>0</segmented>
	<object>
		<name>Rock</name>
		<pose>Unspecified</pose>
		<truncated>0</truncated>
		<difficult>0</difficult>
		<occluded>0</occluded>
		<bndbox>
			<xmin>192</xmin>
			<xmax>513</xmax>
			<ymin>204</ymin>
			<ymax>543</ymax>
		</bndbox>
	</object>
</annotation>
