<annotation>
	<folder></folder>
	<filename>label_1_20220818_111233_658__jpg.rf.38bd9b68534762a5becf2540c2848669.jpg</filename>
	<path>label_1_20220818_111233_658__jpg.rf.38bd9b68534762a5becf2540c2848669.jpg</path>
	<source>
		<database>roboflow.com</database>
	</source>
	<size>
		<width>640</width>
		<height>640</height>
		<depth>3</depth>
	</size>
	<segmented>0</segmented>
	<object>
		<name>Scisssors</name>
		<pose>Unspecified</pose>
		<truncated>0</truncated>
		<difficult>0</difficult>
		<occluded>0</occluded>
		<bndbox>
			<xmin>121</xmin>
			<xmax>348</xmax>
			<ymin>167</ymin>
			<ymax>463</ymax>
		</bndbox>
	</object>
</annotation>
