<annotation>
	<folder></folder>
	<filename>label_1_20220818_111212_346__jpg.rf.91f565506a937300f0f4c6dd9e93342e.jpg</filename>
	<path>label_1_20220818_111212_346__jpg.rf.91f565506a937300f0f4c6dd9e93342e.jpg</path>
	<source>
		<database>roboflow.com</database>
	</source>
	<size>
		<width>640</width>
		<height>640</height>
		<depth>3</depth>
	</size>
	<segmented>0</segmented>
	<object>
		<name>Scisssors</name>
		<pose>Unspecified</pose>
		<truncated>0</truncated>
		<difficult>0</difficult>
		<occluded>0</occluded>
		<bndbox>
			<xmin>152</xmin>
			<xmax>477</xmax>
			<ymin>92</ymin>
			<ymax>510</ymax>
		</bndbox>
	</object>
</annotation>
