<annotation>
	<folder></folder>
	<filename>label_2_20220818_111629_860__jpg.rf.0993fd4f92b5f13c3922e7ce8276ce4b.jpg</filename>
	<path>label_2_20220818_111629_860__jpg.rf.0993fd4f92b5f13c3922e7ce8276ce4b.jpg</path>
	<source>
		<database>roboflow.com</database>
	</source>
	<size>
		<width>640</width>
		<height>640</height>
		<depth>3</depth>
	</size>
	<segmented>0</segmented>
	<object>
		<name>Paper</name>
		<pose>Unspecified</pose>
		<truncated>0</truncated>
		<difficult>0</difficult>
		<occluded>0</occluded>
		<bndbox>
			<xmin>47</xmin>
			<xmax>278</xmax>
			<ymin>37</ymin>
			<ymax>407</ymax>
		</bndbox>
	</object>
</annotation>
