<annotation>
	<folder></folder>
	<filename>label_2_20220818_111726_189__jpg.rf.372f1d7a306a51cbc407f4458ac3d13b.jpg</filename>
	<path>label_2_20220818_111726_189__jpg.rf.372f1d7a306a51cbc407f4458ac3d13b.jpg</path>
	<source>
		<database>roboflow.com</database>
	</source>
	<size>
		<width>640</width>
		<height>640</height>
		<depth>3</depth>
	</size>
	<segmented>0</segmented>
	<object>
		<name>Paper</name>
		<pose>Unspecified</pose>
		<truncated>0</truncated>
		<difficult>0</difficult>
		<occluded>0</occluded>
		<bndbox>
			<xmin>158</xmin>
			<xmax>442</xmax>
			<ymin>182</ymin>
			<ymax>403</ymax>
		</bndbox>
	</object>
</annotation>
