<annotation>
	<folder></folder>
	<filename>label_1_20220818_111110_298__jpg.rf.6ab168be35f29efd87957fff7a605ddd.jpg</filename>
	<path>label_1_20220818_111110_298__jpg.rf.6ab168be35f29efd87957fff7a605ddd.jpg</path>
	<source>
		<database>roboflow.com</database>
	</source>
	<size>
		<width>640</width>
		<height>640</height>
		<depth>3</depth>
	</size>
	<segmented>0</segmented>
	<object>
		<name>Scissors</name>
		<pose>Unspecified</pose>
		<truncated>0</truncated>
		<difficult>0</difficult>
		<occluded>0</occluded>
		<bndbox>
			<xmin>143</xmin>
			<xmax>462</xmax>
			<ymin>381</ymin>
			<ymax>639</ymax>
		</bndbox>
	</object>
</annotation>
