<annotation>
	<folder></folder>
	<filename>label_0_20220818_110730_574__jpg.rf.379bb063934c41010033d6beae937916.jpg</filename>
	<path>label_0_20220818_110730_574__jpg.rf.379bb063934c41010033d6beae937916.jpg</path>
	<source>
		<database>roboflow.com</database>
	</source>
	<size>
		<width>640</width>
		<height>640</height>
		<depth>3</depth>
	</size>
	<segmented>0</segmented>
	<object>
		<name>Rock</name>
		<pose>Unspecified</pose>
		<truncated>0</truncated>
		<difficult>0</difficult>
		<occluded>0</occluded>
		<bndbox>
			<xmin>426</xmin>
			<xmax>561</xmax>
			<ymin>97</ymin>
			<ymax>212</ymax>
		</bndbox>
	</object>
</annotation>
