<annotation>
	<folder></folder>
	<filename>label_2_20220818_111617_540__jpg.rf.9cbdaa197801bdf0531a0f2865af0122.jpg</filename>
	<path>label_2_20220818_111617_540__jpg.rf.9cbdaa197801bdf0531a0f2865af0122.jpg</path>
	<source>
		<database>roboflow.com</database>
	</source>
	<size>
		<width>640</width>
		<height>640</height>
		<depth>3</depth>
	</size>
	<segmented>0</segmented>
	<object>
		<name>Paper</name>
		<pose>Unspecified</pose>
		<truncated>0</truncated>
		<difficult>0</difficult>
		<occluded>0</occluded>
		<bndbox>
			<xmin>251</xmin>
			<xmax>447</xmax>
			<ymin>108</ymin>
			<ymax>363</ymax>
		</bndbox>
	</object>
</annotation>
