<annotation>
	<folder></folder>
	<filename>label_0_20220818_110535_787__jpg.rf.e4f727e17e05386a58c8d5e0eada6db0.jpg</filename>
	<path>label_0_20220818_110535_787__jpg.rf.e4f727e17e05386a58c8d5e0eada6db0.jpg</path>
	<source>
		<database>roboflow.com</database>
	</source>
	<size>
		<width>640</width>
		<height>640</height>
		<depth>3</depth>
	</size>
	<segmented>0</segmented>
	<object>
		<name>Rock</name>
		<pose>Unspecified</pose>
		<truncated>0</truncated>
		<difficult>0</difficult>
		<occluded>0</occluded>
		<bndbox>
			<xmin>213</xmin>
			<xmax>403</xmax>
			<ymin>94</ymin>
			<ymax>280</ymax>
		</bndbox>
	</object>
</annotation>
