<annotation>
	<folder></folder>
	<filename>label_2_20220818_111432_235__jpg.rf.2baccdc7581d2191c5080ac0cb4afb76.jpg</filename>
	<path>label_2_20220818_111432_235__jpg.rf.2baccdc7581d2191c5080ac0cb4afb76.jpg</path>
	<source>
		<database>roboflow.com</database>
	</source>
	<size>
		<width>640</width>
		<height>640</height>
		<depth>3</depth>
	</size>
	<segmented>0</segmented>
	<object>
		<name>Paper</name>
		<pose>Unspecified</pose>
		<truncated>0</truncated>
		<difficult>0</difficult>
		<occluded>0</occluded>
		<bndbox>
			<xmin>210</xmin>
			<xmax>544</xmax>
			<ymin>99</ymin>
			<ymax>530</ymax>
		</bndbox>
	</object>
</annotation>
