<annotation>
	<folder></folder>
	<filename>label_1_20220818_111049_248__jpg.rf.d51096071939430874264f07de52a7ed.jpg</filename>
	<path>label_1_20220818_111049_248__jpg.rf.d51096071939430874264f07de52a7ed.jpg</path>
	<source>
		<database>roboflow.com</database>
	</source>
	<size>
		<width>640</width>
		<height>640</height>
		<depth>3</depth>
	</size>
	<segmented>0</segmented>
	<object>
		<name>Scissors</name>
		<pose>Unspecified</pose>
		<truncated>0</truncated>
		<difficult>0</difficult>
		<occluded>0</occluded>
		<bndbox>
			<xmin>162</xmin>
			<xmax>336</xmax>
			<ymin>88</ymin>
			<ymax>428</ymax>
		</bndbox>
	</object>
</annotation>
