<annotation>
	<folder></folder>
	<filename>label_1_20220818_111157_872__jpg.rf.1e251611d14f596335c2f16b122f1f54.jpg</filename>
	<path>label_1_20220818_111157_872__jpg.rf.1e251611d14f596335c2f16b122f1f54.jpg</path>
	<source>
		<database>roboflow.com</database>
	</source>
	<size>
		<width>640</width>
		<height>640</height>
		<depth>3</depth>
	</size>
	<segmented>0</segmented>
	<object>
		<name>Scisssors</name>
		<pose>Unspecified</pose>
		<truncated>0</truncated>
		<difficult>0</difficult>
		<occluded>0</occluded>
		<bndbox>
			<xmin>173</xmin>
			<xmax>549</xmax>
			<ymin>165</ymin>
			<ymax>640</ymax>
		</bndbox>
	</object>
</annotation>
