<annotation>
	<folder></folder>
	<filename>label_2_20220818_111726_828__jpg.rf.33a1f6fd6b7400e3de10357389c185d5.jpg</filename>
	<path>label_2_20220818_111726_828__jpg.rf.33a1f6fd6b7400e3de10357389c185d5.jpg</path>
	<source>
		<database>roboflow.com</database>
	</source>
	<size>
		<width>640</width>
		<height>640</height>
		<depth>3</depth>
	</size>
	<segmented>0</segmented>
	<object>
		<name>Paper</name>
		<pose>Unspecified</pose>
		<truncated>0</truncated>
		<difficult>0</difficult>
		<occluded>0</occluded>
		<bndbox>
			<xmin>207</xmin>
			<xmax>390</xmax>
			<ymin>90</ymin>
			<ymax>355</ymax>
		</bndbox>
	</object>
</annotation>
