<annotation>
	<folder></folder>
	<filename>label_0_20220818_110440_612__jpg.rf.87740dfa40843818d7fc1c5def678ebf.jpg</filename>
	<path>label_0_20220818_110440_612__jpg.rf.87740dfa40843818d7fc1c5def678ebf.jpg</path>
	<source>
		<database>roboflow.com</database>
	</source>
	<size>
		<width>640</width>
		<height>640</height>
		<depth>3</depth>
	</size>
	<segmented>0</segmented>
	<object>
		<name>Rock</name>
		<pose>Unspecified</pose>
		<truncated>0</truncated>
		<difficult>0</difficult>
		<occluded>0</occluded>
		<bndbox>
			<xmin>351</xmin>
			<xmax>609</xmax>
			<ymin>267</ymin>
			<ymax>522</ymax>
		</bndbox>
	</object>
</annotation>
