<annotation>
	<folder></folder>
	<filename>label_0_20220818_110533_348__jpg.rf.bb27583ceb1cc1a503eea229feebd4dd.jpg</filename>
	<path>label_0_20220818_110533_348__jpg.rf.bb27583ceb1cc1a503eea229feebd4dd.jpg</path>
	<source>
		<database>roboflow.com</database>
	</source>
	<size>
		<width>640</width>
		<height>640</height>
		<depth>3</depth>
	</size>
	<segmented>0</segmented>
	<object>
		<name>Rock</name>
		<pose>Unspecified</pose>
		<truncated>0</truncated>
		<difficult>0</difficult>
		<occluded>0</occluded>
		<bndbox>
			<xmin>282</xmin>
			<xmax>453</xmax>
			<ymin>17</ymin>
			<ymax>186</ymax>
		</bndbox>
	</object>
</annotation>
