<annotation>
	<folder></folder>
	<filename>label_0_20220818_110509_874__jpg.rf.6da1a1646008da60cafeef8e246bedca.jpg</filename>
	<path>label_0_20220818_110509_874__jpg.rf.6da1a1646008da60cafeef8e246bedca.jpg</path>
	<source>
		<database>roboflow.com</database>
	</source>
	<size>
		<width>640</width>
		<height>640</height>
		<depth>3</depth>
	</size>
	<segmented>0</segmented>
	<object>
		<name>Rock</name>
		<pose>Unspecified</pose>
		<truncated>0</truncated>
		<difficult>0</difficult>
		<occluded>0</occluded>
		<bndbox>
			<xmin>213</xmin>
			<xmax>422</xmax>
			<ymin>269</ymin>
			<ymax>456</ymax>
		</bndbox>
	</object>
</annotation>
