<annotation>
	<folder></folder>
	<filename>label_1_20220818_111025_604__jpg.rf.3fba7a48fd7c42b7ce6cf9a79abc8189.jpg</filename>
	<path>label_1_20220818_111025_604__jpg.rf.3fba7a48fd7c42b7ce6cf9a79abc8189.jpg</path>
	<source>
		<database>roboflow.com</database>
	</source>
	<size>
		<width>640</width>
		<height>640</height>
		<depth>3</depth>
	</size>
	<segmented>0</segmented>
	<object>
		<name>Scissors</name>
		<pose>Unspecified</pose>
		<truncated>0</truncated>
		<difficult>0</difficult>
		<occluded>0</occluded>
		<bndbox>
			<xmin>348</xmin>
			<xmax>541</xmax>
			<ymin>239</ymin>
			<ymax>507</ymax>
		</bndbox>
	</object>
</annotation>
