<annotation>
	<folder></folder>
	<filename>label_2_20220818_111656_397__jpg.rf.bdfb8317149af0973e107c35048d464f.jpg</filename>
	<path>label_2_20220818_111656_397__jpg.rf.bdfb8317149af0973e107c35048d464f.jpg</path>
	<source>
		<database>roboflow.com</database>
	</source>
	<size>
		<width>640</width>
		<height>640</height>
		<depth>3</depth>
	</size>
	<segmented>0</segmented>
	<object>
		<name>Paper</name>
		<pose>Unspecified</pose>
		<truncated>0</truncated>
		<difficult>0</difficult>
		<occluded>0</occluded>
		<bndbox>
			<xmin>62</xmin>
			<xmax>641</xmax>
			<ymin>1</ymin>
			<ymax>571</ymax>
		</bndbox>
	</object>
</annotation>
