<annotation>
	<folder></folder>
	<filename>label_2_20220818_111614_492__jpg.rf.ed9600c97582bae2006a9374f5dd7900.jpg</filename>
	<path>label_2_20220818_111614_492__jpg.rf.ed9600c97582bae2006a9374f5dd7900.jpg</path>
	<source>
		<database>roboflow.com</database>
	</source>
	<size>
		<width>640</width>
		<height>640</height>
		<depth>3</depth>
	</size>
	<segmented>0</segmented>
	<object>
		<name>Paper</name>
		<pose>Unspecified</pose>
		<truncated>0</truncated>
		<difficult>0</difficult>
		<occluded>0</occluded>
		<bndbox>
			<xmin>174</xmin>
			<xmax>372</xmax>
			<ymin>126</ymin>
			<ymax>371</ymax>
		</bndbox>
	</object>
</annotation>
