<annotation>
	<folder></folder>
	<filename>label_0_20220818_110549_518__jpg.rf.21fe6e46d3e0f07dbd5b2db61a991cb6.jpg</filename>
	<path>label_0_20220818_110549_518__jpg.rf.21fe6e46d3e0f07dbd5b2db61a991cb6.jpg</path>
	<source>
		<database>roboflow.com</database>
	</source>
	<size>
		<width>640</width>
		<height>640</height>
		<depth>3</depth>
	</size>
	<segmented>0</segmented>
	<object>
		<name>Rock</name>
		<pose>Unspecified</pose>
		<truncated>0</truncated>
		<difficult>0</difficult>
		<occluded>0</occluded>
		<bndbox>
			<xmin>284</xmin>
			<xmax>548</xmax>
			<ymin>249</ymin>
			<ymax>488</ymax>
		</bndbox>
	</object>
</annotation>
