<annotation>
	<folder></folder>
	<filename>label_1_20220818_111142_979__jpg.rf.1360583336e38c5869c6e7d86c3bebf6.jpg</filename>
	<path>label_1_20220818_111142_979__jpg.rf.1360583336e38c5869c6e7d86c3bebf6.jpg</path>
	<source>
		<database>roboflow.com</database>
	</source>
	<size>
		<width>640</width>
		<height>640</height>
		<depth>3</depth>
	</size>
	<segmented>0</segmented>
	<object>
		<name>Scisssors</name>
		<pose>Unspecified</pose>
		<truncated>0</truncated>
		<difficult>0</difficult>
		<occluded>0</occluded>
		<bndbox>
			<xmin>131</xmin>
			<xmax>629</xmax>
			<ymin>179</ymin>
			<ymax>457</ymax>
		</bndbox>
	</object>
</annotation>
