<annotation>
	<folder></folder>
	<filename>label_1_20220818_111046_767__jpg.rf.e9a45077d87e522eccf5b14f18a0daf4.jpg</filename>
	<path>label_1_20220818_111046_767__jpg.rf.e9a45077d87e522eccf5b14f18a0daf4.jpg</path>
	<source>
		<database>roboflow.com</database>
	</source>
	<size>
		<width>640</width>
		<height>640</height>
		<depth>3</depth>
	</size>
	<segmented>0</segmented>
	<object>
		<name>Scissors</name>
		<pose>Unspecified</pose>
		<truncated>0</truncated>
		<difficult>0</difficult>
		<occluded>0</occluded>
		<bndbox>
			<xmin>102</xmin>
			<xmax>341</xmax>
			<ymin>55</ymin>
			<ymax>445</ymax>
		</bndbox>
	</object>
</annotation>
