<annotation>
	<folder></folder>
	<filename>label_1_20220818_111234_209__jpg.rf.0c25eee7100a85b0cde6184e530c03a4.jpg</filename>
	<path>label_1_20220818_111234_209__jpg.rf.0c25eee7100a85b0cde6184e530c03a4.jpg</path>
	<source>
		<database>roboflow.com</database>
	</source>
	<size>
		<width>640</width>
		<height>640</height>
		<depth>3</depth>
	</size>
	<segmented>0</segmented>
	<object>
		<name>Scisssors</name>
		<pose>Unspecified</pose>
		<truncated>0</truncated>
		<difficult>0</difficult>
		<occluded>0</occluded>
		<bndbox>
			<xmin>139</xmin>
			<xmax>326</xmax>
			<ymin>125</ymin>
			<ymax>404</ymax>
		</bndbox>
	</object>
</annotation>
