<annotation>
	<folder></folder>
	<filename>label_0_20220818_110540_166__jpg.rf.62dc0153abe422349a128c6e03fa2594.jpg</filename>
	<path>label_0_20220818_110540_166__jpg.rf.62dc0153abe422349a128c6e03fa2594.jpg</path>
	<source>
		<database>roboflow.com</database>
	</source>
	<size>
		<width>640</width>
		<height>640</height>
		<depth>3</depth>
	</size>
	<segmented>0</segmented>
	<object>
		<name>Rock</name>
		<pose>Unspecified</pose>
		<truncated>0</truncated>
		<difficult>0</difficult>
		<occluded>0</occluded>
		<bndbox>
			<xmin>277</xmin>
			<xmax>561</xmax>
			<ymin>174</ymin>
			<ymax>446</ymax>
		</bndbox>
	</object>
</annotation>
