<annotation>
	<folder></folder>
	<filename>label_2_20220818_111707_037__jpg.rf.6ece82b1fcc50b349f35aeb153166798.jpg</filename>
	<path>label_2_20220818_111707_037__jpg.rf.6ece82b1fcc50b349f35aeb153166798.jpg</path>
	<source>
		<database>roboflow.com</database>
	</source>
	<size>
		<width>640</width>
		<height>640</height>
		<depth>3</depth>
	</size>
	<segmented>0</segmented>
	<object>
		<name>Paper</name>
		<pose>Unspecified</pose>
		<truncated>0</truncated>
		<difficult>0</difficult>
		<occluded>0</occluded>
		<bndbox>
			<xmin>196</xmin>
			<xmax>576</xmax>
			<ymin>25</ymin>
			<ymax>332</ymax>
		</bndbox>
	</object>
</annotation>
