<annotation>
	<folder></folder>
	<filename>label_2_20220818_111705_939__jpg.rf.8e7aa427e1d2c6ab68564a4a84fab5ea.jpg</filename>
	<path>label_2_20220818_111705_939__jpg.rf.8e7aa427e1d2c6ab68564a4a84fab5ea.jpg</path>
	<source>
		<database>roboflow.com</database>
	</source>
	<size>
		<width>640</width>
		<height>640</height>
		<depth>3</depth>
	</size>
	<segmented>0</segmented>
	<object>
		<name>Paper</name>
		<pose>Unspecified</pose>
		<truncated>0</truncated>
		<difficult>0</difficult>
		<occluded>0</occluded>
		<bndbox>
			<xmin>326</xmin>
			<xmax>544</xmax>
			<ymin>25</ymin>
			<ymax>396</ymax>
		</bndbox>
	</object>
</annotation>
