<annotation>
	<folder></folder>
	<filename>label_1_20220818_111124_376__jpg.rf.dc1881ba7efe1834fe21423ec05e7432.jpg</filename>
	<path>label_1_20220818_111124_376__jpg.rf.dc1881ba7efe1834fe21423ec05e7432.jpg</path>
	<source>
		<database>roboflow.com</database>
	</source>
	<size>
		<width>640</width>
		<height>640</height>
		<depth>3</depth>
	</size>
	<segmented>0</segmented>
	<object>
		<name>Scisssors</name>
		<pose>Unspecified</pose>
		<truncated>0</truncated>
		<difficult>0</difficult>
		<occluded>0</occluded>
		<bndbox>
			<xmin>32</xmin>
			<xmax>278</xmax>
			<ymin>131</ymin>
			<ymax>539</ymax>
		</bndbox>
	</object>
</annotation>
