<annotation>
	<folder></folder>
	<filename>label_1_20220818_111217_002__jpg.rf.7bd784e6168f2cd1babb34be29c8991f.jpg</filename>
	<path>label_1_20220818_111217_002__jpg.rf.7bd784e6168f2cd1babb34be29c8991f.jpg</path>
	<source>
		<database>roboflow.com</database>
	</source>
	<size>
		<width>640</width>
		<height>640</height>
		<depth>3</depth>
	</size>
	<segmented>0</segmented>
	<object>
		<name>Scisssors</name>
		<pose>Unspecified</pose>
		<truncated>0</truncated>
		<difficult>0</difficult>
		<occluded>0</occluded>
		<bndbox>
			<xmin>105</xmin>
			<xmax>462</xmax>
			<ymin>169</ymin>
			<ymax>574</ymax>
		</bndbox>
	</object>
</annotation>
