<annotation>
	<folder></folder>
	<filename>label_0_20220818_110712_812__jpg.rf.d01b5e52cb98a8095a154fb04574b57a.jpg</filename>
	<path>label_0_20220818_110712_812__jpg.rf.d01b5e52cb98a8095a154fb04574b57a.jpg</path>
	<source>
		<database>roboflow.com</database>
	</source>
	<size>
		<width>640</width>
		<height>640</height>
		<depth>3</depth>
	</size>
	<segmented>0</segmented>
	<object>
		<name>Rock</name>
		<pose>Unspecified</pose>
		<truncated>0</truncated>
		<difficult>0</difficult>
		<occluded>0</occluded>
		<bndbox>
			<xmin>8</xmin>
			<xmax>321</xmax>
			<ymin>253</ymin>
			<ymax>516</ymax>
		</bndbox>
	</object>
</annotation>
