<annotation>
	<folder></folder>
	<filename>label_2_20220818_111615_868__jpg.rf.d5d02c41ec0cd74a78ffcefd219edfe4.jpg</filename>
	<path>label_2_20220818_111615_868__jpg.rf.d5d02c41ec0cd74a78ffcefd219edfe4.jpg</path>
	<source>
		<database>roboflow.com</database>
	</source>
	<size>
		<width>640</width>
		<height>640</height>
		<depth>3</depth>
	</size>
	<segmented>0</segmented>
	<object>
		<name>Paper</name>
		<pose>Unspecified</pose>
		<truncated>0</truncated>
		<difficult>0</difficult>
		<occluded>0</occluded>
		<bndbox>
			<xmin>242</xmin>
			<xmax>486</xmax>
			<ymin>213</ymin>
			<ymax>372</ymax>
		</bndbox>
	</object>
</annotation>
