<annotation>
	<folder></folder>
	<filename>label_2_20220818_111608_335__jpg.rf.ef079713d1aaeb67b91cffbf5b8eedc7.jpg</filename>
	<path>label_2_20220818_111608_335__jpg.rf.ef079713d1aaeb67b91cffbf5b8eedc7.jpg</path>
	<source>
		<database>roboflow.com</database>
	</source>
	<size>
		<width>640</width>
		<height>640</height>
		<depth>3</depth>
	</size>
	<segmented>0</segmented>
	<object>
		<name>Paper</name>
		<pose>Unspecified</pose>
		<truncated>0</truncated>
		<difficult>0</difficult>
		<occluded>0</occluded>
		<bndbox>
			<xmin>58</xmin>
			<xmax>434</xmax>
			<ymin>131</ymin>
			<ymax>483</ymax>
		</bndbox>
	</object>
</annotation>
