<annotation>
	<folder></folder>
	<filename>label_0_20220818_110733_837__jpg.rf.80cefc05dfeec31800bac153d49c96f4.jpg</filename>
	<path>label_0_20220818_110733_837__jpg.rf.80cefc05dfeec31800bac153d49c96f4.jpg</path>
	<source>
		<database>roboflow.com</database>
	</source>
	<size>
		<width>640</width>
		<height>640</height>
		<depth>3</depth>
	</size>
	<segmented>0</segmented>
	<object>
		<name>Rock</name>
		<pose>Unspecified</pose>
		<truncated>0</truncated>
		<difficult>0</difficult>
		<occluded>0</occluded>
		<bndbox>
			<xmin>185</xmin>
			<xmax>395</xmax>
			<ymin>223</ymin>
			<ymax>399</ymax>
		</bndbox>
	</object>
</annotation>
