<annotation>
	<folder></folder>
	<filename>label_1_20220818_111158_691__jpg.rf.5f65df86dfa76729688c1903f431fb27.jpg</filename>
	<path>label_1_20220818_111158_691__jpg.rf.5f65df86dfa76729688c1903f431fb27.jpg</path>
	<source>
		<database>roboflow.com</database>
	</source>
	<size>
		<width>640</width>
		<height>640</height>
		<depth>3</depth>
	</size>
	<segmented>0</segmented>
	<object>
		<name>Scisssors</name>
		<pose>Unspecified</pose>
		<truncated>0</truncated>
		<difficult>0</difficult>
		<occluded>0</occluded>
		<bndbox>
			<xmin>206</xmin>
			<xmax>533</xmax>
			<ymin>150</ymin>
			<ymax>641</ymax>
		</bndbox>
	</object>
</annotation>
