<annotation>
	<folder></folder>
	<filename>label_2_20220818_111655_876__jpg.rf.5cfc5cc929fd2247b84012400c79415f.jpg</filename>
	<path>label_2_20220818_111655_876__jpg.rf.5cfc5cc929fd2247b84012400c79415f.jpg</path>
	<source>
		<database>roboflow.com</database>
	</source>
	<size>
		<width>640</width>
		<height>640</height>
		<depth>3</depth>
	</size>
	<segmented>0</segmented>
	<object>
		<name>Paper</name>
		<pose>Unspecified</pose>
		<truncated>0</truncated>
		<difficult>0</difficult>
		<occluded>0</occluded>
		<bndbox>
			<xmin>111</xmin>
			<xmax>641</xmax>
			<ymin>81</ymin>
			<ymax>454</ymax>
		</bndbox>
	</object>
</annotation>
