<annotation>
	<folder></folder>
	<filename>label_2_20220818_111727_963__jpg.rf.d27cc789b6f54b06547b60a2f1fc351a.jpg</filename>
	<path>label_2_20220818_111727_963__jpg.rf.d27cc789b6f54b06547b60a2f1fc351a.jpg</path>
	<source>
		<database>roboflow.com</database>
	</source>
	<size>
		<width>640</width>
		<height>640</height>
		<depth>3</depth>
	</size>
	<segmented>0</segmented>
	<object>
		<name>Paper</name>
		<pose>Unspecified</pose>
		<truncated>0</truncated>
		<difficult>0</difficult>
		<occluded>0</occluded>
		<bndbox>
			<xmin>127</xmin>
			<xmax>373</xmax>
			<ymin>62</ymin>
			<ymax>298</ymax>
		</bndbox>
	</object>
</annotation>
