<annotation>
	<folder></folder>
	<filename>label_2_20220818_111610_173__jpg.rf.0004ab67d3530ede4c56d732178f31aa.jpg</filename>
	<path>label_2_20220818_111610_173__jpg.rf.0004ab67d3530ede4c56d732178f31aa.jpg</path>
	<source>
		<database>roboflow.com</database>
	</source>
	<size>
		<width>640</width>
		<height>640</height>
		<depth>3</depth>
	</size>
	<segmented>0</segmented>
	<object>
		<name>Paper</name>
		<pose>Unspecified</pose>
		<truncated>0</truncated>
		<difficult>0</difficult>
		<occluded>0</occluded>
		<bndbox>
			<xmin>145</xmin>
			<xmax>510</xmax>
			<ymin>240</ymin>
			<ymax>489</ymax>
		</bndbox>
	</object>
</annotation>
