<annotation>
	<folder></folder>
	<filename>label_2_20220818_111443_373__jpg.rf.fd39259fd23799c6c1be153e65a7f1be.jpg</filename>
	<path>label_2_20220818_111443_373__jpg.rf.fd39259fd23799c6c1be153e65a7f1be.jpg</path>
	<source>
		<database>roboflow.com</database>
	</source>
	<size>
		<width>640</width>
		<height>640</height>
		<depth>3</depth>
	</size>
	<segmented>0</segmented>
	<object>
		<name>Paper</name>
		<pose>Unspecified</pose>
		<truncated>0</truncated>
		<difficult>0</difficult>
		<occluded>0</occluded>
		<bndbox>
			<xmin>65</xmin>
			<xmax>589</xmax>
			<ymin>62</ymin>
			<ymax>627</ymax>
		</bndbox>
	</object>
</annotation>
