<annotation>
	<folder></folder>
	<filename>label_1_20220818_111210_691__jpg.rf.55ecb81c3e7b4b7f217c12cfd7212729.jpg</filename>
	<path>label_1_20220818_111210_691__jpg.rf.55ecb81c3e7b4b7f217c12cfd7212729.jpg</path>
	<source>
		<database>roboflow.com</database>
	</source>
	<size>
		<width>640</width>
		<height>640</height>
		<depth>3</depth>
	</size>
	<segmented>0</segmented>
	<object>
		<name>Scisssors</name>
		<pose>Unspecified</pose>
		<truncated>0</truncated>
		<difficult>0</difficult>
		<occluded>0</occluded>
		<bndbox>
			<xmin>1</xmin>
			<xmax>401</xmax>
			<ymin>44</ymin>
			<ymax>476</ymax>
		</bndbox>
	</object>
</annotation>
