<annotation>
	<folder></folder>
	<filename>label_2_20220818_111450_972__jpg.rf.6d4cf4aafec028a7abbedfc58753e346.jpg</filename>
	<path>label_2_20220818_111450_972__jpg.rf.6d4cf4aafec028a7abbedfc58753e346.jpg</path>
	<source>
		<database>roboflow.com</database>
	</source>
	<size>
		<width>640</width>
		<height>640</height>
		<depth>3</depth>
	</size>
	<segmented>0</segmented>
	<object>
		<name>Paper</name>
		<pose>Unspecified</pose>
		<truncated>0</truncated>
		<difficult>0</difficult>
		<occluded>0</occluded>
		<bndbox>
			<xmin>137</xmin>
			<xmax>353</xmax>
			<ymin>27</ymin>
			<ymax>472</ymax>
		</bndbox>
	</object>
</annotation>
