<annotation>
	<folder></folder>
	<filename>label_2_20220818_111447_105__jpg.rf.7f1dc427f476f2111fc1943f2150e98e.jpg</filename>
	<path>label_2_20220818_111447_105__jpg.rf.7f1dc427f476f2111fc1943f2150e98e.jpg</path>
	<source>
		<database>roboflow.com</database>
	</source>
	<size>
		<width>640</width>
		<height>640</height>
		<depth>3</depth>
	</size>
	<segmented>0</segmented>
	<object>
		<name>Paper</name>
		<pose>Unspecified</pose>
		<truncated>0</truncated>
		<difficult>0</difficult>
		<occluded>0</occluded>
		<bndbox>
			<xmin>81</xmin>
			<xmax>513</xmax>
			<ymin>85</ymin>
			<ymax>380</ymax>
		</bndbox>
	</object>
</annotation>
