<annotation>
	<folder></folder>
	<filename>label_1_20220818_111051_098__jpg.rf.58cf2061f9c945079be9968ff958e2aa.jpg</filename>
	<path>label_1_20220818_111051_098__jpg.rf.58cf2061f9c945079be9968ff958e2aa.jpg</path>
	<source>
		<database>roboflow.com</database>
	</source>
	<size>
		<width>640</width>
		<height>640</height>
		<depth>3</depth>
	</size>
	<segmented>0</segmented>
	<object>
		<name>Scissors</name>
		<pose>Unspecified</pose>
		<truncated>0</truncated>
		<difficult>0</difficult>
		<occluded>0</occluded>
		<bndbox>
			<xmin>171</xmin>
			<xmax>298</xmax>
			<ymin>84</ymin>
			<ymax>328</ymax>
		</bndbox>
	</object>
</annotation>
