<annotation>
	<folder></folder>
	<filename>label_1_20220818_111129_868__jpg.rf.ed2dd55d5d3cf7a3881b2bacab98116d.jpg</filename>
	<path>label_1_20220818_111129_868__jpg.rf.ed2dd55d5d3cf7a3881b2bacab98116d.jpg</path>
	<source>
		<database>roboflow.com</database>
	</source>
	<size>
		<width>640</width>
		<height>640</height>
		<depth>3</depth>
	</size>
	<segmented>0</segmented>
	<object>
		<name>Scisssors</name>
		<pose>Unspecified</pose>
		<truncated>0</truncated>
		<difficult>0</difficult>
		<occluded>0</occluded>
		<bndbox>
			<xmin>73</xmin>
			<xmax>327</xmax>
			<ymin>139</ymin>
			<ymax>616</ymax>
		</bndbox>
	</object>
</annotation>
