<annotation>
	<folder></folder>
	<filename>label_2_20220818_111650_909__jpg.rf.f80a81b92509e329f9052942484075ef.jpg</filename>
	<path>label_2_20220818_111650_909__jpg.rf.f80a81b92509e329f9052942484075ef.jpg</path>
	<source>
		<database>roboflow.com</database>
	</source>
	<size>
		<width>640</width>
		<height>640</height>
		<depth>3</depth>
	</size>
	<segmented>0</segmented>
	<object>
		<name>Paper</name>
		<pose>Unspecified</pose>
		<truncated>0</truncated>
		<difficult>0</difficult>
		<occluded>0</occluded>
		<bndbox>
			<xmin>169</xmin>
			<xmax>593</xmax>
			<ymin>69</ymin>
			<ymax>432</ymax>
		</bndbox>
	</object>
</annotation>
