<annotation>
	<folder></folder>
	<filename>label_2_20220818_111544_425__jpg.rf.697e99ce637c8016995f5c11aee60523.jpg</filename>
	<path>label_2_20220818_111544_425__jpg.rf.697e99ce637c8016995f5c11aee60523.jpg</path>
	<source>
		<database>roboflow.com</database>
	</source>
	<size>
		<width>640</width>
		<height>640</height>
		<depth>3</depth>
	</size>
	<segmented>0</segmented>
	<object>
		<name>Paper</name>
		<pose>Unspecified</pose>
		<truncated>0</truncated>
		<difficult>0</difficult>
		<occluded>0</occluded>
		<bndbox>
			<xmin>93</xmin>
			<xmax>465</xmax>
			<ymin>32</ymin>
			<ymax>462</ymax>
		</bndbox>
	</object>
</annotation>
