<annotation>
	<folder></folder>
	<filename>label_1_20220818_111213_235__jpg.rf.dfe7f8adff755d3ecd6e8813c1d690e0.jpg</filename>
	<path>label_1_20220818_111213_235__jpg.rf.dfe7f8adff755d3ecd6e8813c1d690e0.jpg</path>
	<source>
		<database>roboflow.com</database>
	</source>
	<size>
		<width>640</width>
		<height>640</height>
		<depth>3</depth>
	</size>
	<segmented>0</segmented>
	<object>
		<name>Scisssors</name>
		<pose>Unspecified</pose>
		<truncated>0</truncated>
		<difficult>0</difficult>
		<occluded>0</occluded>
		<bndbox>
			<xmin>5</xmin>
			<xmax>471</xmax>
			<ymin>171</ymin>
			<ymax>478</ymax>
		</bndbox>
	</object>
</annotation>
