<annotation>
	<folder></folder>
	<filename>label_2_20220818_111654_244__jpg.rf.c85a76c5a39c9ce2a11bff8439d12009.jpg</filename>
	<path>label_2_20220818_111654_244__jpg.rf.c85a76c5a39c9ce2a11bff8439d12009.jpg</path>
	<source>
		<database>roboflow.com</database>
	</source>
	<size>
		<width>640</width>
		<height>640</height>
		<depth>3</depth>
	</size>
	<segmented>0</segmented>
	<object>
		<name>Paper</name>
		<pose>Unspecified</pose>
		<truncated>0</truncated>
		<difficult>0</difficult>
		<occluded>0</occluded>
		<bndbox>
			<xmin>30</xmin>
			<xmax>614</xmax>
			<ymin>156</ymin>
			<ymax>450</ymax>
		</bndbox>
	</object>
</annotation>
