<annotation>
	<folder></folder>
	<filename>label_1_20220818_111140_926__jpg.rf.3347eb4e3a6df1a60a26844ae63ab3d5.jpg</filename>
	<path>label_1_20220818_111140_926__jpg.rf.3347eb4e3a6df1a60a26844ae63ab3d5.jpg</path>
	<source>
		<database>roboflow.com</database>
	</source>
	<size>
		<width>640</width>
		<height>640</height>
		<depth>3</depth>
	</size>
	<segmented>0</segmented>
	<object>
		<name>Scisssors</name>
		<pose>Unspecified</pose>
		<truncated>0</truncated>
		<difficult>0</difficult>
		<occluded>0</occluded>
		<bndbox>
			<xmin>80</xmin>
			<xmax>556</xmax>
			<ymin>78</ymin>
			<ymax>506</ymax>
		</bndbox>
	</object>
</annotation>
