<annotation>
	<folder></folder>
	<filename>label_1_20220818_111052_241__jpg.rf.d80b3f182c74c9d15176637a514a52f1.jpg</filename>
	<path>label_1_20220818_111052_241__jpg.rf.d80b3f182c74c9d15176637a514a52f1.jpg</path>
	<source>
		<database>roboflow.com</database>
	</source>
	<size>
		<width>640</width>
		<height>640</height>
		<depth>3</depth>
	</size>
	<segmented>0</segmented>
	<object>
		<name>Scissors</name>
		<pose>Unspecified</pose>
		<truncated>0</truncated>
		<difficult>0</difficult>
		<occluded>0</occluded>
		<bndbox>
			<xmin>190</xmin>
			<xmax>297</xmax>
			<ymin>87</ymin>
			<ymax>327</ymax>
		</bndbox>
	</object>
</annotation>
