<annotation>
	<folder></folder>
	<filename>label_0_20220818_110404_897__jpg.rf.fbd833bbc370972fff2d208ff0f5677d.jpg</filename>
	<path>label_0_20220818_110404_897__jpg.rf.fbd833bbc370972fff2d208ff0f5677d.jpg</path>
	<source>
		<database>roboflow.com</database>
	</source>
	<size>
		<width>640</width>
		<height>640</height>
		<depth>3</depth>
	</size>
	<segmented>0</segmented>
	<object>
		<name>Rock</name>
		<pose>Unspecified</pose>
		<truncated>0</truncated>
		<difficult>0</difficult>
		<occluded>0</occluded>
		<bndbox>
			<xmin>164</xmin>
			<xmax>395</xmax>
			<ymin>128</ymin>
			<ymax>413</ymax>
		</bndbox>
	</object>
</annotation>
