<annotation>
	<folder></folder>
	<filename>label_0_20220818_110538_232__jpg.rf.0e492dae2e73bedc108dd16ca6d0bb6e.jpg</filename>
	<path>label_0_20220818_110538_232__jpg.rf.0e492dae2e73bedc108dd16ca6d0bb6e.jpg</path>
	<source>
		<database>roboflow.com</database>
	</source>
	<size>
		<width>640</width>
		<height>640</height>
		<depth>3</depth>
	</size>
	<segmented>0</segmented>
	<object>
		<name>Rock</name>
		<pose>Unspecified</pose>
		<truncated>0</truncated>
		<difficult>0</difficult>
		<occluded>0</occluded>
		<bndbox>
			<xmin>238</xmin>
			<xmax>463</xmax>
			<ymin>113</ymin>
			<ymax>333</ymax>
		</bndbox>
	</object>
</annotation>
