<annotation>
	<folder></folder>
	<filename>label_0_20220818_110746_296__jpg.rf.c1eb621381ce4028908bff687e9fdd30.jpg</filename>
	<path>label_0_20220818_110746_296__jpg.rf.c1eb621381ce4028908bff687e9fdd30.jpg</path>
	<source>
		<database>roboflow.com</database>
	</source>
	<size>
		<width>640</width>
		<height>640</height>
		<depth>3</depth>
	</size>
	<segmented>0</segmented>
	<object>
		<name>Rock</name>
		<pose>Unspecified</pose>
		<truncated>0</truncated>
		<difficult>0</difficult>
		<occluded>0</occluded>
		<bndbox>
			<xmin>233</xmin>
			<xmax>404</xmax>
			<ymin>169</ymin>
			<ymax>390</ymax>
		</bndbox>
	</object>
</annotation>
