<annotation>
	<folder></folder>
	<filename>label_1_20220818_111141_506__jpg.rf.3ebef59b45285264b4d8625dd82b2ab0.jpg</filename>
	<path>label_1_20220818_111141_506__jpg.rf.3ebef59b45285264b4d8625dd82b2ab0.jpg</path>
	<source>
		<database>roboflow.com</database>
	</source>
	<size>
		<width>640</width>
		<height>640</height>
		<depth>3</depth>
	</size>
	<segmented>0</segmented>
	<object>
		<name>Scisssors</name>
		<pose>Unspecified</pose>
		<truncated>0</truncated>
		<difficult>0</difficult>
		<occluded>0</occluded>
		<bndbox>
			<xmin>155</xmin>
			<xmax>568</xmax>
			<ymin>175</ymin>
			<ymax>524</ymax>
		</bndbox>
	</object>
</annotation>
