<annotation>
	<folder></folder>
	<filename>label_2_20220818_111616_655__jpg.rf.4a6166e220cb9831da86c32c23e69195.jpg</filename>
	<path>label_2_20220818_111616_655__jpg.rf.4a6166e220cb9831da86c32c23e69195.jpg</path>
	<source>
		<database>roboflow.com</database>
	</source>
	<size>
		<width>640</width>
		<height>640</height>
		<depth>3</depth>
	</size>
	<segmented>0</segmented>
	<object>
		<name>Paper</name>
		<pose>Unspecified</pose>
		<truncated>0</truncated>
		<difficult>0</difficult>
		<occluded>0</occluded>
		<bndbox>
			<xmin>221</xmin>
			<xmax>436</xmax>
			<ymin>137</ymin>
			<ymax>383</ymax>
		</bndbox>
	</object>
</annotation>
