<annotation>
	<folder></folder>
	<filename>label_1_20220818_111116_436__jpg.rf.38e6e3a78fa7fa9b23dd6331a000b159.jpg</filename>
	<path>label_1_20220818_111116_436__jpg.rf.38e6e3a78fa7fa9b23dd6331a000b159.jpg</path>
	<source>
		<database>roboflow.com</database>
	</source>
	<size>
		<width>640</width>
		<height>640</height>
		<depth>3</depth>
	</size>
	<segmented>0</segmented>
	<object>
		<name>Scisssors</name>
		<pose>Unspecified</pose>
		<truncated>0</truncated>
		<difficult>0</difficult>
		<occluded>0</occluded>
		<bndbox>
			<xmin>122</xmin>
			<xmax>452</xmax>
			<ymin>119</ymin>
			<ymax>641</ymax>
		</bndbox>
	</object>
</annotation>
