<annotation>
	<folder></folder>
	<filename>label_1_20220818_111213_799__jpg.rf.1a0e22f65b024a210affcf7d03ec65c5.jpg</filename>
	<path>label_1_20220818_111213_799__jpg.rf.1a0e22f65b024a210affcf7d03ec65c5.jpg</path>
	<source>
		<database>roboflow.com</database>
	</source>
	<size>
		<width>640</width>
		<height>640</height>
		<depth>3</depth>
	</size>
	<segmented>0</segmented>
	<object>
		<name>Scisssors</name>
		<pose>Unspecified</pose>
		<truncated>0</truncated>
		<difficult>0</difficult>
		<occluded>0</occluded>
		<bndbox>
			<xmin>63</xmin>
			<xmax>457</xmax>
			<ymin>97</ymin>
			<ymax>496</ymax>
		</bndbox>
	</object>
</annotation>
