<annotation>
	<folder></folder>
	<filename>label_1_20220818_111218_280__jpg.rf.6753012fa8d946c9666e6fd64a3ce743.jpg</filename>
	<path>label_1_20220818_111218_280__jpg.rf.6753012fa8d946c9666e6fd64a3ce743.jpg</path>
	<source>
		<database>roboflow.com</database>
	</source>
	<size>
		<width>640</width>
		<height>640</height>
		<depth>3</depth>
	</size>
	<segmented>0</segmented>
	<object>
		<name>Scisssors</name>
		<pose>Unspecified</pose>
		<truncated>0</truncated>
		<difficult>0</difficult>
		<occluded>0</occluded>
		<bndbox>
			<xmin>91</xmin>
			<xmax>405</xmax>
			<ymin>110</ymin>
			<ymax>580</ymax>
		</bndbox>
	</object>
</annotation>
