<annotation>
	<folder></folder>
	<filename>label_2_20220818_111616_331__jpg.rf.0f00b2a444b10fe85545b6494afd0eea.jpg</filename>
	<path>label_2_20220818_111616_331__jpg.rf.0f00b2a444b10fe85545b6494afd0eea.jpg</path>
	<source>
		<database>roboflow.com</database>
	</source>
	<size>
		<width>640</width>
		<height>640</height>
		<depth>3</depth>
	</size>
	<segmented>0</segmented>
	<object>
		<name>Paper</name>
		<pose>Unspecified</pose>
		<truncated>0</truncated>
		<difficult>0</difficult>
		<occluded>0</occluded>
		<bndbox>
			<xmin>242</xmin>
			<xmax>423</xmax>
			<ymin>140</ymin>
			<ymax>383</ymax>
		</bndbox>
	</object>
</annotation>
