<annotation>
	<folder></folder>
	<filename>label_0_20220818_110403_339__jpg.rf.fb62db76e86b1b360f38868a78a96699.jpg</filename>
	<path>label_0_20220818_110403_339__jpg.rf.fb62db76e86b1b360f38868a78a96699.jpg</path>
	<source>
		<database>roboflow.com</database>
	</source>
	<size>
		<width>640</width>
		<height>640</height>
		<depth>3</depth>
	</size>
	<segmented>0</segmented>
	<object>
		<name>Rock</name>
		<pose>Unspecified</pose>
		<truncated>0</truncated>
		<difficult>0</difficult>
		<occluded>0</occluded>
		<bndbox>
			<xmin>181</xmin>
			<xmax>445</xmax>
			<ymin>233</ymin>
			<ymax>470</ymax>
		</bndbox>
	</object>
</annotation>
