<annotation>
	<folder></folder>
	<filename>label_1_20220818_111159_265__jpg.rf.b809d7ba924387ec1a07c69d88ece584.jpg</filename>
	<path>label_1_20220818_111159_265__jpg.rf.b809d7ba924387ec1a07c69d88ece584.jpg</path>
	<source>
		<database>roboflow.com</database>
	</source>
	<size>
		<width>640</width>
		<height>640</height>
		<depth>3</depth>
	</size>
	<segmented>0</segmented>
	<object>
		<name>Scisssors</name>
		<pose>Unspecified</pose>
		<truncated>0</truncated>
		<difficult>0</difficult>
		<occluded>0</occluded>
		<bndbox>
			<xmin>220</xmin>
			<xmax>546</xmax>
			<ymin>171</ymin>
			<ymax>641</ymax>
		</bndbox>
	</object>
</annotation>
