<annotation>
	<folder></folder>
	<filename>label_1_20220818_111121_827__jpg.rf.ceba5174d213caf594882a77f5c31497.jpg</filename>
	<path>label_1_20220818_111121_827__jpg.rf.ceba5174d213caf594882a77f5c31497.jpg</path>
	<source>
		<database>roboflow.com</database>
	</source>
	<size>
		<width>640</width>
		<height>640</height>
		<depth>3</depth>
	</size>
	<segmented>0</segmented>
	<object>
		<name>Scisssors</name>
		<pose>Unspecified</pose>
		<truncated>0</truncated>
		<difficult>0</difficult>
		<occluded>0</occluded>
		<bndbox>
			<xmin>35</xmin>
			<xmax>308</xmax>
			<ymin>100</ymin>
			<ymax>579</ymax>
		</bndbox>
	</object>
</annotation>
