<annotation>
	<folder></folder>
	<filename>label_0_20220818_110530_661__jpg.rf.81b318fdf5e8ad507b00826e859608d0.jpg</filename>
	<path>label_0_20220818_110530_661__jpg.rf.81b318fdf5e8ad507b00826e859608d0.jpg</path>
	<source>
		<database>roboflow.com</database>
	</source>
	<size>
		<width>640</width>
		<height>640</height>
		<depth>3</depth>
	</size>
	<segmented>0</segmented>
	<object>
		<name>Rock</name>
		<pose>Unspecified</pose>
		<truncated>0</truncated>
		<difficult>0</difficult>
		<occluded>0</occluded>
		<bndbox>
			<xmin>200</xmin>
			<xmax>393</xmax>
			<ymin>130</ymin>
			<ymax>297</ymax>
		</bndbox>
	</object>
</annotation>
