<annotation>
	<folder></folder>
	<filename>label_1_20220818_111252_765__jpg.rf.3f554742eb34ea97c8835a50ad2c10a6.jpg</filename>
	<path>label_1_20220818_111252_765__jpg.rf.3f554742eb34ea97c8835a50ad2c10a6.jpg</path>
	<source>
		<database>roboflow.com</database>
	</source>
	<size>
		<width>640</width>
		<height>640</height>
		<depth>3</depth>
	</size>
	<segmented>0</segmented>
	<object>
		<name>Scisssors</name>
		<pose>Unspecified</pose>
		<truncated>0</truncated>
		<difficult>0</difficult>
		<occluded>0</occluded>
		<bndbox>
			<xmin>230</xmin>
			<xmax>537</xmax>
			<ymin>117</ymin>
			<ymax>504</ymax>
		</bndbox>
	</object>
</annotation>
