<annotation>
	<folder></folder>
	<filename>label_2_20220818_111436_933__jpg.rf.ca916942b62f60794b2867bc0d5625c5.jpg</filename>
	<path>label_2_20220818_111436_933__jpg.rf.ca916942b62f60794b2867bc0d5625c5.jpg</path>
	<source>
		<database>roboflow.com</database>
	</source>
	<size>
		<width>640</width>
		<height>640</height>
		<depth>3</depth>
	</size>
	<segmented>0</segmented>
	<object>
		<name>Paper</name>
		<pose>Unspecified</pose>
		<truncated>0</truncated>
		<difficult>0</difficult>
		<occluded>0</occluded>
		<bndbox>
			<xmin>144</xmin>
			<xmax>557</xmax>
			<ymin>54</ymin>
			<ymax>418</ymax>
		</bndbox>
	</object>
</annotation>
