<annotation>
	<folder></folder>
	<filename>label_1_20220818_111256_332__jpg.rf.300ca6085c836a6154678ed0a88920e3.jpg</filename>
	<path>label_1_20220818_111256_332__jpg.rf.300ca6085c836a6154678ed0a88920e3.jpg</path>
	<source>
		<database>roboflow.com</database>
	</source>
	<size>
		<width>640</width>
		<height>640</height>
		<depth>3</depth>
	</size>
	<segmented>0</segmented>
	<object>
		<name>Scisssors</name>
		<pose>Unspecified</pose>
		<truncated>0</truncated>
		<difficult>0</difficult>
		<occluded>0</occluded>
		<bndbox>
			<xmin>162</xmin>
			<xmax>434</xmax>
			<ymin>58</ymin>
			<ymax>528</ymax>
		</bndbox>
	</object>
</annotation>
