<annotation>
	<folder></folder>
	<filename>label_2_20220818_111617_096__jpg.rf.1c93c5336f1d01b5378266a2c859c5c4.jpg</filename>
	<path>label_2_20220818_111617_096__jpg.rf.1c93c5336f1d01b5378266a2c859c5c4.jpg</path>
	<source>
		<database>roboflow.com</database>
	</source>
	<size>
		<width>640</width>
		<height>640</height>
		<depth>3</depth>
	</size>
	<segmented>0</segmented>
	<object>
		<name>Paper</name>
		<pose>Unspecified</pose>
		<truncated>0</truncated>
		<difficult>0</difficult>
		<occluded>0</occluded>
		<bndbox>
			<xmin>200</xmin>
			<xmax>404</xmax>
			<ymin>108</ymin>
			<ymax>367</ymax>
		</bndbox>
	</object>
</annotation>
