<annotation>
	<folder></folder>
	<filename>label_2_20220818_111432_885__jpg.rf.c714fd1e12ff6adf804e70142797069d.jpg</filename>
	<path>label_2_20220818_111432_885__jpg.rf.c714fd1e12ff6adf804e70142797069d.jpg</path>
	<source>
		<database>roboflow.com</database>
	</source>
	<size>
		<width>640</width>
		<height>640</height>
		<depth>3</depth>
	</size>
	<segmented>0</segmented>
	<object>
		<name>Paper</name>
		<pose>Unspecified</pose>
		<truncated>0</truncated>
		<difficult>0</difficult>
		<occluded>0</occluded>
		<bndbox>
			<xmin>188</xmin>
			<xmax>487</xmax>
			<ymin>78</ymin>
			<ymax>496</ymax>
		</bndbox>
	</object>
</annotation>
