<annotation>
	<folder></folder>
	<filename>label_0_20220818_110729_012__jpg.rf.402c7459da5af6cfc1b6e74fc17a38c2.jpg</filename>
	<path>label_0_20220818_110729_012__jpg.rf.402c7459da5af6cfc1b6e74fc17a38c2.jpg</path>
	<source>
		<database>roboflow.com</database>
	</source>
	<size>
		<width>640</width>
		<height>640</height>
		<depth>3</depth>
	</size>
	<segmented>0</segmented>
	<object>
		<name>Rock</name>
		<pose>Unspecified</pose>
		<truncated>0</truncated>
		<difficult>0</difficult>
		<occluded>0</occluded>
		<bndbox>
			<xmin>374</xmin>
			<xmax>530</xmax>
			<ymin>144</ymin>
			<ymax>279</ymax>
		</bndbox>
	</object>
</annotation>
